"","ENGINE","Date","year","gp_name","circuit","Pos","Driver","Time","Kph","race_pos","exp","circuit_length","points","race_points","wdc_points","wdc_points_shift","new_team","new_engine","team_index","driver_index","engine_index","race_index"
"1","Alfa Romeo ",1950-05-13,1950,"british-grand-prix","Silverstone Circuit",2,"Luigi Fagioli",111,150.791,2,1,4.68375147569444,1,6,6,0,"Alfa Romeo SpA","Alfa Romeo ",1,1,1,1
"2","Alfa Romeo ",1950-05-13,1950,"british-grand-prix","Silverstone Circuit",3,"Juan Manuel Fangio",111,150.791,99,1,4.68375147569444,0,0,0,0,"Alfa Romeo SpA","Alfa Romeo ",1,2,1,1
"3","Maserati",1950-05-13,1950,"british-grand-prix","Silverstone Circuit",5,"Prince Bira",112.6,148.648,99,1,4.68375147569444,0,0,0,0,"Other","Maserati",2,3,2,1
"4","Talbot CV",1950-05-13,1950,"british-grand-prix","Silverstone Circuit",7,"Eugene Martin",115.4,145.041,99,1,4.68375147569444,0,0,0,0,"Other","Talbot CV",2,4,3,1
"5","Talbot CV",1950-05-13,1950,"british-grand-prix","Silverstone Circuit",9,"Louis Rosier",116,144.291,5,1,4.68375147569444,1,2,2,0,"Other","Talbot CV",2,5,3,1
"6","Maserati",1950-05-13,1950,"british-grand-prix","Silverstone Circuit",11,"Louis Chiron",116.6,143.549,99,1,4.68375147569444,0,0,0,0,"Officine Alfieri Maserati","Maserati",3,6,2,1
"7","ERA",1950-05-13,1950,"british-grand-prix","Silverstone Circuit",12,"Leslie Johnson",117.4,142.571,99,1,4.68375147569444,0,0,0,0,"Solo","other",4,7,4,1
"8","ERA",1950-05-13,1950,"british-grand-prix","Silverstone Circuit",13,"Bob Gerard",117.4,142.571,6,1,4.68375147569444,0,0,0,0,"Solo","other",4,8,4,1
"9","Alta",1950-05-13,1950,"british-grand-prix","Silverstone Circuit",17,"Geoff Crossley",122.6,136.523,99,1,4.68375147569444,0,0,0,0,"Solo","Alta",4,9,5,1
"10","Maserati",1950-05-13,1950,"british-grand-prix","Silverstone Circuit",18,"David Murray",125.6,133.263,99,1,4.68375147569444,0,0,0,0,"Other","Maserati",2,10,2,1
"11","Ferrari",1950-05-21,1950,"monaco-grand-prix","Circuit de Monaco",6,"Luigi Villoresi",112.3,101.941,99,1,3.16156530190058,0,0,0,0,"Ferrari","Ferrari",5,13,6,1
"12","Ferrari",1950-05-21,1950,"monaco-grand-prix","Circuit de Monaco",9,"Raymond Sommer",116.6,98.181,4,1,3.16156530190058,1,3,3,0,"Ferrari","Ferrari",5,14,6,1
"13","Simca-Gordini",1950-05-21,1950,"monaco-grand-prix","Circuit de Monaco",11,"Robert Manzon",124,92.322,99,1,3.16156530190058,0,0,0,0,"Equipe Gordini","Simca-Gordini",6,15,7,1
"14","Milano",1950-09-03,1950,"italian-grand-prix","Autodromo Nazionale Monza",23,"Felice Bonetto",139.8,162.231,99,3,6.29998271904762,0,0,2,2,"Other","other",2,21,4,1
"15","Jaguar XK",1950-09-03,1950,"italian-grand-prix","Autodromo Nazionale Monza",25,"Clemente Biondetti",150.6,150.597,99,1,6.29998271904762,0,0,0,0,"Solo","other",4,29,4,1
"16","Osca",1951-09-16,1951,"italian-grand-prix","Autodromo Nazionale Monza",18,"Franco Rol",133.4,170.01452615121,9,4,6.29998271904762,0,0,0,0,"Solo","other",4,25,4,1
"17","Veritas",1951-05-27,1951,"swiss-grand-prix","Circuit Bremgarten",16,"Peter Hirt",181.6,144.316737813007,99,1,7.2799776630117,0,0,0,0,"Other","other",2,41,4,1
"18","Gordini ",1952-05-18,1952,"swiss-grand-prix","Circuit Bremgarten",3,"Robert Manzon",172.1,152.283088825346,99,8,7.2799776630117,0,0,0,0,"Equipe Gordini","Gordini ",6,15,8,1
"19","Gordini ",1952-05-18,1952,"swiss-grand-prix","Circuit Bremgarten",7,"Jean Behra",175.9,148.993289294156,3,1,7.2799776630117,1,4,4,0,"Equipe Gordini","Gordini ",6,47,8,1
"20","Plat&eacute",1952-05-18,1952,"swiss-grand-prix","Circuit Bremgarten",8,"Emmanuel de Graffenried",176.4,148.570972714524,6,10,7.2799776630117,0,0,0,0,"Other","other",2,16,4,1
"21","Bristol",1952-05-18,1952,"swiss-grand-prix","Circuit Bremgarten",15,"Alan Brown",182.5,143.605038832012,5,1,7.2799776630117,1,2,2,0,"Other","Bristol",2,50,9,1
"22","Plat&eacute",1952-05-18,1952,"swiss-grand-prix","Circuit Bremgarten",18,"Harry Schell",187.6,139.701063895747,99,5,7.2799776630117,0,0,0,0,"Other","other",2,52,4,1
"23","Butterworth",1952-06-22,1952,"belgian-grand-prix","Circuit de Spa-Francorchamps",15,"Robin Montgomerie-Charrington",319,159.347514566798,99,1,14.1199603185579,0,0,0,0,"Solo","other",4,55,4,1
"24","Francis",1952-07-19,1952,"british-grand-prix","Silverstone Circuit",8,"Dennis Poore",116,145.357804418103,4,1,4.68375147569444,1,3,3,0,"Connaught Engineering","Francis",9,59,10,1
"25","BMW ",1952-07-19,1952,"british-grand-prix","Silverstone Circuit",25,"Tony Crook",123,137.085409044715,21,1,4.68375147569444,0,0,0,0,"Solo","other",4,61,4,1
"26","Mercedes",1954-07-04,1954,"french-grand-prix","Reims-Gueux",2,"Karl Kling",150.4,195.974500221631,2,1,8.18737912037037,1,6,6,0,"Daimler Benz AG","Mercedes",10,94,11,1
"27","Lancia DS",1954-10-24,1954,"spanish-grand-prix","Pedralbes Circuit",1,"Alberto Ascari",138.1,165.08906589428,99,29,6.333,0,1,1,0,"Other","other",2,19,4,1
"28","Vanwall",1955-05-22,1955,"monaco-grand-prix","Circuit de Monaco",12,"Mike Hawthorn",105.6,107.215,99,22,3.16156530190058,0,0,0,0,"Other","other",2,58,4,1
"29","Ferrari DS",1955-09-11,1955,"italian-grand-prix","Autodromo Nazionale Monza",5,"Nino Farina",169.9,133.489922239973,99,34,6.29998271904762,0,0,6,6,"Ferrari","other",5,24,4,1
"30","Ferrari DS",1955-09-11,1955,"italian-grand-prix","Autodromo Nazionale Monza",8,"Luigi Villoresi",171.6,132.16746963037,99,28,6.29998271904762,0,0,2,2,"Ferrari","other",5,13,4,1
"31","Alfa Romeo ",1950-05-21,1950,"monaco-grand-prix","Circuit de Monaco",1,"Juan Manuel Fangio",110.2,103.883,1,2,3.16156530190058,1,9,9,0,"Alfa Romeo SpA","Alfa Romeo ",1,2,1,2
"32","Maserati",1950-05-21,1950,"monaco-grand-prix","Circuit de Monaco",3,"Jose Froilan Gonzalez",113.7,100.686,99,1,3.16156530190058,0,0,0,0,"Other","Maserati",2,11,2,2
"33","Talbot CV",1950-05-21,1950,"monaco-grand-prix","Circuit de Monaco",4,"Philippe Etancelin",114.1,100.333,99,2,3.16156530190058,0,0,0,0,"Solo","Talbot CV",4,12,3,2
"34","Maserati",1950-05-21,1950,"monaco-grand-prix","Circuit de Monaco",8,"Louis Chiron",116.3,98.435,3,2,3.16156530190058,1,4,4,0,"Officine Alfieri Maserati","Maserati",3,6,2,2
"35","Maserati",1950-05-21,1950,"monaco-grand-prix","Circuit de Monaco",12,"Emmanuel de Graffenried",120.7,94.846,99,2,3.16156530190058,0,0,0,0,"Other","Maserati",2,16,2,2
"36","ERA",1950-05-21,1950,"monaco-grand-prix","Circuit de Monaco",14,"Cuth Harrison",121.6,94.144,99,2,3.16156530190058,0,0,0,0,"Solo","other",4,17,4,2
"37","Talbot CV",1950-05-21,1950,"monaco-grand-prix","Circuit de Monaco",18,"Johnny Claes",132,86.727,7,2,3.16156530190058,0,0,0,0,"Other","Talbot CV",2,18,3,2
"38","Ferrari",1950-06-04,1950,"swiss-grand-prix","Circuit Bremgarten",4,"Luigi Villoresi",166.1,157.784,99,2,7.2799776630117,0,0,0,0,"Ferrari","Ferrari",5,13,6,2
"39","Ferrari",1950-06-04,1950,"swiss-grand-prix","Circuit Bremgarten",5,"Alberto Ascari",166.8,157.122,99,2,7.2799776630117,0,0,0,0,"Ferrari","Ferrari",5,19,6,2
"40","Alta",1950-06-18,1950,"belgian-grand-prix","Circuit de Spa-Francorchamps",12,"Geoff Crossley",344,147.767,9,2,14.1199603185579,0,0,0,0,"Solo","Alta",4,9,5,2
"41","Simca-Gordini",1950-09-03,1950,"italian-grand-prix","Autodromo Nazionale Monza",12,"Maurice Trintignant",133.4,170.014,99,2,6.29998271904762,0,1,1,0,"Equipe Gordini","Simca-Gordini",6,27,7,2
"42","Milano",1951-07-01,1951,"french-grand-prix","Reims-Gueux",15,"Onofre Marimon",209.8,140.488869558309,99,1,8.18737912037037,0,0,0,0,"Other","other",2,31,4,2
"43","Veritas",1952-05-18,1952,"swiss-grand-prix","Circuit Bremgarten",16,"Toni Ulmen",185.6,141.206463291175,99,1,7.2799776630117,0,0,0,0,"Solo","other",4,51,4,2
"44","Gordini ",1952-06-22,1952,"belgian-grand-prix","Circuit de Spa-Francorchamps",4,"Robert Manzon",292,174.081702557563,3,9,14.1199603185579,1,4,4,0,"Equipe Gordini","Gordini ",6,15,8,2
"45","Gordini ",1952-06-22,1952,"belgian-grand-prix","Circuit de Spa-Francorchamps",5,"Jean Behra",296,171.729247117596,99,2,14.1199603185579,0,0,4,4,"Equipe Gordini","Gordini ",6,47,8,2
"46","Bristol",1952-06-22,1952,"belgian-grand-prix","Circuit de Spa-Francorchamps",9,"Alan Brown",307,165.576081911428,6,2,14.1199603185579,0,0,2,2,"Other","Bristol",2,50,9,2
"47","Bristol",1952-06-22,1952,"belgian-grand-prix","Circuit de Spa-Francorchamps",12,"Eric Brandon",312,162.922619060284,9,2,14.1199603185579,0,0,0,0,"Other","Bristol",2,53,9,2
"48","Gordini ",1952-06-22,1952,"belgian-grand-prix","Circuit de Spa-Francorchamps",19,"Johnny Claes",333,152.648219660086,8,14,14.1199603185579,0,0,0,0,"Equipe Gordini","Gordini ",6,18,8,2
"49","Francis",1952-08-17,1952,"dutch-grand-prix","Circuit Zandvoort",13,"Ken Downing",118.6,127.274432235733,99,2,4.1929854619883,0,0,0,0,"Solo","Francis",4,64,10,2
"50","Osca",1952-09-07,1952,"italian-grand-prix","Autodromo Nazionale Monza",10,"Elie Bayol",130.6,173.66,99,1,6.29998271904762,0,0,0,0,"Solo","other",4,66,4,2
"51","Plat&eacute",1952-07-06,1952,"french-grand-prix","Rouen-Les-Essarts",12,"Harry Schell",149,133.924832214765,99,6,5.543,0,0,0,0,"Other","other",2,52,4,2
"52","BMW ",1953-08-02,1953,"german-grand-prix","Nurburgring",21,"Theo Fitzau",684.3,120,99,1,22.8099153924501,0,0,0,0,"Solo","other",4,77,4,2
"53","BMW ",1953-08-02,1953,"german-grand-prix","Nurburgring",26,"Rudolf Krause",709.5,115.737,14,2,22.8099153924501,0,0,0,0,"Solo","other",4,78,4,2
"54","Mercedes",1954-07-17,1954,"british-grand-prix","Silverstone Circuit",1,"Juan Manuel Fangio",105,160.585764880952,4,25,4.68375147569444,1,4,4,0,"Daimler Benz AG","Mercedes",10,2,11,2
"55","Lancia DS",1955-01-16,1955,"argentine-grand-prix","Autódromo Juan y Oscar Gálvez",2,"Alberto Ascari",103.6,135.952,99,30,3.91238753062678,0,0,0,0,"Other","other",2,19,4,2
"56","Lancia DS",1955-01-16,1955,"argentine-grand-prix","Autódromo Juan y Oscar Gálvez",12,"Eugenio Castellotti",105.3,133.757,99,1,3.91238753062678,0,0,0,0,"Other","other",2,102,4,2
"57","Vanwall",1955-06-05,1955,"belgian-grand-prix","Circuit de Spa-Francorchamps",9,"Mike Hawthorn",273,186.197,99,23,14.1199603185579,0,0,0,0,"Other","other",2,58,4,2
"58","Alfa Romeo ",1950-06-04,1950,"swiss-grand-prix","Circuit Bremgarten",1,"Juan Manuel Fangio",162.1,161.677,99,3,7.2799776630117,0,0,9,9,"Alfa Romeo SpA","Alfa Romeo ",1,2,1,3
"59","Talbot CV",1950-06-04,1950,"swiss-grand-prix","Circuit Bremgarten",6,"Philippe Etancelin",171.1,153.173,99,3,7.2799776630117,0,0,0,0,"Solo","Talbot CV",4,12,3,3
"60","Talbot CV",1950-06-04,1950,"swiss-grand-prix","Circuit Bremgarten",7,"Yves Giraud-Cabantous",172.7,151.754,99,2,7.2799776630117,0,0,0,0,"Other","Talbot CV",2,20,3,3
"61","Maserati",1950-06-04,1950,"swiss-grand-prix","Circuit Bremgarten",8,"Prince Bira",173.2,151.316,4,3,7.2799776630117,1,3,3,0,"Other","Maserati",2,3,2,3
"62","Talbot CV",1950-06-04,1950,"swiss-grand-prix","Circuit Bremgarten",10,"Louis Rosier",174,150.62,3,3,7.2799776630117,1,4,6,2,"Other","Talbot CV",2,5,3,3
"63","Maserati",1950-06-04,1950,"swiss-grand-prix","Circuit Bremgarten",12,"Felice Bonetto",174.6,150.103,5,1,7.2799776630117,1,2,2,0,"Other","Maserati",2,21,2,3
"64","Maserati",1950-06-04,1950,"swiss-grand-prix","Circuit Bremgarten",15,"Nello Pagani",186.9,140.224,7,1,7.2799776630117,0,0,0,0,"Other","Maserati",2,22,2,3
"65","Ferrari",1950-06-18,1950,"belgian-grand-prix","Circuit de Spa-Francorchamps",4,"Luigi Villoresi",287,177.114,6,3,14.1199603185579,0,0,0,0,"Ferrari","Ferrari",5,13,6,3
"66","ERA",1950-09-03,1950,"italian-grand-prix","Autodromo Nazionale Monza",21,"Cuth Harrison",138.4,163.872,99,3,6.29998271904762,0,0,0,0,"Solo","other",4,17,4,3
"67","Simca-Gordini",1951-07-01,1951,"french-grand-prix","Reims-Gueux",17,"Aldo Gordini",210.3,140.154849421461,99,1,8.18737912037037,0,0,0,0,"Equipe Gordini","Simca-Gordini",6,32,7,3
"68","Simca-Gordini",1951-07-01,1951,"french-grand-prix","Reims-Gueux",18,"Maurice Trintignant",210.3,140.154849421461,99,3,8.18737912037037,0,0,0,0,"Equipe Gordini","Simca-Gordini",6,27,7,3
"69","Alta",1951-05-27,1951,"swiss-grand-prix","Circuit Bremgarten",14,"Stirling Moss",178.4,146.905378850012,8,1,7.2799776630117,0,0,0,0,"HW Motors","Alta",8,40,5,3
"70","Bristol",1952-07-19,1952,"british-grand-prix","Silverstone Circuit",7,"Mike Hawthorn",116,145.357804418103,3,3,4.68375147569444,1,4,4,0,"Solo","Bristol",4,58,9,3
"71","Bristol",1952-07-19,1952,"british-grand-prix","Silverstone Circuit",18,"Eric Brandon",120,140.512544270833,20,3,4.68375147569444,0,0,0,0,"Other","Bristol",2,53,9,3
"72","Bristol",1952-07-19,1952,"british-grand-prix","Silverstone Circuit",22,"David Murray",122,138.209059938525,99,4,4.68375147569444,0,0,0,0,"Other","Bristol",2,10,9,3
"73","Francis",1952-09-07,1952,"italian-grand-prix","Autodromo Nazionale Monza",19,"Dennis Poore",134,169.253,12,2,6.29998271904762,0,0,3,3,"Connaught Engineering","Francis",9,59,10,3
"74","Gordini ",1952-07-06,1952,"french-grand-prix","Rouen-Les-Essarts",5,"Robert Manzon",140.4,142.128205128205,4,10,5.543,1,3,9,6,"Equipe Gordini","Gordini ",6,15,8,3
"75","Gordini ",1952-07-06,1952,"french-grand-prix","Rouen-Les-Essarts",6,"Maurice Trintignant",141.6,140.923728813559,5,7,5.543,1,2,2,0,"Equipe Gordini","Gordini ",6,27,8,3
"76","Gordini ",1952-07-06,1952,"french-grand-prix","Rouen-Les-Essarts",8,"Prince Bira",143,139.544055944056,99,8,5.543,0,0,0,0,"Equipe Gordini","Gordini ",6,3,8,3
"77","Veritas",1953-06-21,1953,"belgian-grand-prix","Circuit de Spa-Francorchamps",19,"Arthur Legat",341,149.067,99,2,14.1199603185579,0,0,0,0,"Solo","other",4,83,4,3
"78","Osca",1953-07-05,1953,"french-grand-prix","Reims-Gueux",15,"Elie Bayol",176.9,169.865,99,2,8.18737912037037,0,0,0,0,"Solo","other",4,66,4,3
"79","Mercedes",1954-08-01,1954,"german-grand-prix","Nurburgring",11,"Hermann Lang",613.1,133.935239622933,99,2,22.8099153924501,0,0,0,0,"Daimler Benz AG","Mercedes",10,71,11,3
"80","Lancia DS",1955-05-22,1955,"monaco-grand-prix","Circuit de Monaco",7,"Luigi Villoresi",103.7,109.18,5,27,3.16156530190058,1,2,2,0,"Other","other",2,13,4,3
"81","Lancia DS",1955-05-22,1955,"monaco-grand-prix","Circuit de Monaco",19,"Louis Chiron",107.3,105.517,6,15,3.16156530190058,0,0,0,0,"Other","other",2,6,4,3
"82","Vanwall",1955-07-16,1955,"british-grand-prix","Aintree Motor Racing Circuit",7,"Harry Schell",123.8,140.394184168013,9,23,4.828,0,0,0,0,"Other","other",2,52,4,3
"83","Vanwall",1955-07-16,1955,"british-grand-prix","Aintree Motor Racing Circuit",15,"Ken Wharton",128.4,135.364485981308,9,15,4.828,0,0,0,0,"Other","other",2,85,4,3
"84","Alfa Romeo ",1950-06-18,1950,"belgian-grand-prix","Circuit de Spa-Francorchamps",2,"Juan Manuel Fangio",277,183.509,1,4,14.1199603185579,1,8,17,9,"Alfa Romeo SpA","Alfa Romeo ",1,2,1,4
"85","Talbot CV",1950-06-18,1950,"belgian-grand-prix","Circuit de Spa-Francorchamps",5,"Raymond Sommer",287,177.114,99,3,14.1199603185579,0,0,3,3,"Solo","Talbot CV",4,14,3,4
"86","Talbot CV",1950-06-18,1950,"belgian-grand-prix","Circuit de Spa-Francorchamps",8,"Louis Rosier",293,173.488,3,4,14.1199603185579,1,4,10,6,"Other","Talbot CV",2,5,3,4
"87","Talbot CV",1950-06-18,1950,"belgian-grand-prix","Circuit de Spa-Francorchamps",9,"Yves Giraud-Cabantous",296,171.729,99,3,14.1199603185579,0,0,0,0,"Other","Talbot CV",2,20,3,4
"88","Talbot CV",1950-06-18,1950,"belgian-grand-prix","Circuit de Spa-Francorchamps",10,"Pierre Levegh",301,168.877,7,1,14.1199603185579,0,0,0,0,"Other","Talbot CV",2,23,3,4
"89","Maserati",1950-07-02,1950,"french-grand-prix","Reims-Gueux",7,"Franco Rol",166.7,168.77,99,2,8.18737912037037,0,0,0,0,"Officine Alfieri Maserati","Maserati",3,25,2,4
"90","Maserati",1950-07-02,1950,"french-grand-prix","Reims-Gueux",8,"Jose Froilan Gonzalez",168,167.464,99,2,8.18737912037037,0,0,0,0,"Other","Maserati",2,11,2,4
"91","Ferrari",1950-09-03,1950,"italian-grand-prix","Autodromo Nazionale Monza",2,"Alberto Ascari",118.8,190.909,2,4,6.29998271904762,1,6,6,0,"Ferrari","Ferrari",5,19,6,4
"92","ERA",1951-07-14,1951,"british-grand-prix","Silverstone Circuit",12,"Brian Shawe-Taylor",118.2,142.652329208968,8,1,4.68375147569444,0,0,0,0,"Solo","other",4,36,4,4
"93","Alta",1951-07-14,1951,"british-grand-prix","Silverstone Circuit",18,"Joe Kelly",138.4,121.83168578396,99,2,4.68375147569444,0,0,0,0,"Solo","Alta",4,38,5,4
"94","Simca-Gordini",1951-07-29,1951,"german-grand-prix","Nurburgring",12,"Andre Simon",657.5,124.890791502389,99,2,22.8099153924501,0,0,0,0,"Equipe Gordini","Simca-Gordini",6,42,7,4
"95","Simca-Gordini",1951-07-29,1951,"german-grand-prix","Nurburgring",14,"Maurice Trintignant",667.5,123.01976840872,99,4,22.8099153924501,0,0,0,0,"Equipe Gordini","Simca-Gordini",6,27,7,4
"96","Gordini ",1952-07-19,1952,"british-grand-prix","Silverstone Circuit",21,"Maurice Trintignant",120,140.512544270833,99,8,4.68375147569444,0,0,0,0,"Equipe Gordini","Gordini ",6,27,8,4
"97","Gordini ",1952-07-19,1952,"british-grand-prix","Silverstone Circuit",23,"Johnny Claes",122,138.209059938525,14,16,4.68375147569444,0,0,0,0,"Other","Gordini ",2,18,8,4
"98","Bristol",1952-09-07,1952,"italian-grand-prix","Autodromo Nazionale Monza",12,"Mike Hawthorn",131.2,172.865,99,5,6.29998271904762,0,0,4,4,"Solo","Bristol",4,58,9,4
"99","Bristol",1952-09-07,1952,"italian-grand-prix","Autodromo Nazionale Monza",21,"Alan Brown",135,168,15,4,6.29998271904762,0,0,2,2,"Other","Bristol",2,50,9,4
"100","Veritas",1953-08-02,1953,"german-grand-prix","Nurburgring",14,"Hans Herrmann",659.8,124.455,9,1,22.8099153924501,0,0,0,0,"Solo","other",4,74,4,4
"101","Veritas",1953-08-02,1953,"german-grand-prix","Nurburgring",28,"Theo Helfrich",716.3,114.639,12,2,22.8099153924501,0,0,0,0,"Solo","other",4,80,4,4
"102","Veritas",1953-08-02,1953,"german-grand-prix","Nurburgring",29,"Wolfgang Seidel",719.3,114.16,16,1,22.8099153924501,0,0,0,0,"Solo","other",4,81,4,4
"103","Osca",1953-09-13,1953,"italian-grand-prix","Autodromo Nazionale Monza",13,"Elie Bayol",127.8,177.464301945003,99,3,6.29998271904762,0,0,0,0,"Solo","other",4,66,4,4
"104","Francis",1953-06-07,1953,"dutch-grand-prix","Circuit Zandvoort",14,"Kenneth McAlpine",121.9,123.829,99,3,4.1929854619883,0,0,0,0,"Connaught Engineering","Francis",9,75,10,4
"105","Mercedes",1954-08-22,1954,"swiss-grand-prix","Circuit Bremgarten",7,"Hans Herrmann",165,158.835876283892,3,4,7.2799776630117,1,4,4,0,"Daimler Benz AG","Mercedes",10,74,11,4
"106","Vanwall",1955-09-11,1955,"italian-grand-prix","Autodromo Nazionale Monza",13,"Harry Schell",175.5,129.230414749695,99,24,6.29998271904762,0,0,0,0,"Other","other",2,52,4,4
"107","Lancia DS",1955-06-05,1955,"belgian-grand-prix","Circuit de Spa-Francorchamps",1,"Eugenio Castellotti",258.1,196.946,99,3,14.1199603185579,0,0,2,2,"Other","other",2,102,4,4
"108","Alfa Romeo ",1950-07-02,1950,"french-grand-prix","Reims-Gueux",1,"Juan Manuel Fangio",150.6,186.812,1,5,8.18737912037037,1,9,26,17,"Alfa Romeo SpA","Alfa Romeo ",1,2,1,5
"109","Alfa Romeo ",1950-07-02,1950,"french-grand-prix","Reims-Gueux",2,"Nino Farina",152.5,184.485,7,5,8.18737912037037,0,0,0,0,"Alfa Romeo SpA","Alfa Romeo ",1,24,1,5
"110","Talbot CV",1950-07-02,1950,"french-grand-prix","Reims-Gueux",6,"Louis Rosier",166,169.481,6,5,8.18737912037037,0,0,10,10,"Other","Talbot CV",2,5,3,5
"111","Maserati",1950-09-03,1950,"italian-grand-prix","Autodromo Nazionale Monza",17,"Emmanuel de Graffenried",134.4,168.75,6,4,6.29998271904762,0,0,0,0,"Other","Maserati",2,16,2,5
"112","Maserati",1950-09-03,1950,"italian-grand-prix","Autodromo Nazionale Monza",19,"Louis Chiron",137.2,165.306,99,5,6.29998271904762,0,0,4,4,"Officine Alfieri Maserati","Maserati",3,6,2,5
"113","Simca-Gordini",1951-09-16,1951,"italian-grand-prix","Autodromo Nazionale Monza",12,"Maurice Trintignant",128.9,175.949866474565,99,5,6.29998271904762,0,0,0,0,"Equipe Gordini","Simca-Gordini",6,27,7,5
"114","Simca-Gordini",1951-09-16,1951,"italian-grand-prix","Autodromo Nazionale Monza",13,"Robert Manzon",129,175.813471229236,99,6,6.29998271904762,0,0,0,0,"Equipe Gordini","Simca-Gordini",6,15,7,5
"115","Ferrari",1951-05-27,1951,"swiss-grand-prix","Circuit Bremgarten",3,"Luigi Villoresi",159.3,164.519269220603,99,4,7.2799776630117,0,0,4,4,"Ferrari","Ferrari",5,13,6,5
"116","Ferrari",1951-05-27,1951,"swiss-grand-prix","Circuit Bremgarten",10,"RudI Fischer",174.1,150.533713881919,11,1,7.2799776630117,0,0,0,0,"Other","Ferrari",2,39,6,5
"117","Alta",1952-05-18,1952,"swiss-grand-prix","Circuit Bremgarten",9,"Stirling Moss",176.4,148.570972714524,99,2,7.2799776630117,0,0,0,0,"HW Motors","Alta",8,40,5,5
"118","Alta",1952-05-18,1952,"swiss-grand-prix","Circuit Bremgarten",10,"George Abecassis",176.9,148.151043453036,99,2,7.2799776630117,0,0,0,0,"HW Motors","Alta",8,48,5,5
"119","Alta",1952-05-18,1952,"swiss-grand-prix","Circuit Bremgarten",12,"Lance Macklin",180.2,145.437955531865,99,1,7.2799776630117,0,0,0,0,"HW Motors","Alta",8,49,5,5
"120","Gordini ",1952-08-17,1952,"dutch-grand-prix","Circuit Zandvoort",5,"Maurice Trintignant",113,133.581837727061,6,10,4.1929854619883,0,0,0,0,"Equipe Gordini","Gordini ",6,27,8,5
"121","Gordini ",1952-08-17,1952,"dutch-grand-prix","Circuit Zandvoort",6,"Jean Behra",114.5,131.831857320156,99,5,4.1929854619883,0,0,4,4,"Equipe Gordini","Gordini ",6,47,8,5
"122","Gordini ",1952-08-17,1952,"dutch-grand-prix","Circuit Zandvoort",8,"Robert Manzon",114.8,131.487348982212,5,13,4.1929854619883,1,2,6,4,"Equipe Gordini","Gordini ",6,15,8,5
"123","Gordini ",1952-08-17,1952,"dutch-grand-prix","Circuit Zandvoort",11,"Paul Frere",118.2,127.705140974263,99,3,4.1929854619883,0,0,0,0,"Other","Gordini ",2,63,8,5
"124","Bristol",1953-01-18,1953,"argentine-grand-prix","Autódromo Juan y Oscar Gálvez",12,"Alan Brown",223.2,63.1030246875287,9,5,3.91238753062678,0,0,0,0,"Other","Bristol",2,50,9,5
"125","Bristol",1953-01-18,1953,"argentine-grand-prix","Autódromo Juan y Oscar Gálvez",13,"Adolfo Schwelm Cruz",223.7,62.9619808236764,99,1,3.91238753062678,0,0,0,0,"Other","Bristol",2,69,9,5
"126","Francis",1953-06-21,1953,"belgian-grand-prix","Circuit de Spa-Francorchamps",18,"Andre Pilette",323,157.374,11,2,14.1199603185579,0,0,0,0,"Other","Francis",2,82,10,5
"127","Mercedes",1954-09-05,1954,"italian-grand-prix","Autodromo Nazionale Monza",1,"Juan Manuel Fangio",119,190.588,1,28,6.29998271904762,1,8,33,25,"Daimler Benz AG","Mercedes",10,2,11,5
"128","Mercedes",1954-09-05,1954,"italian-grand-prix","Autodromo Nazionale Monza",8,"Hans Herrmann",121.4,186.82,4,5,6.29998271904762,1,3,7,4,"Daimler Benz AG","Mercedes",10,74,11,5
"129","Alfa Romeo ",1950-09-03,1950,"italian-grand-prix","Autodromo Nazionale Monza",1,"Juan Manuel Fangio",118.6,191.231,99,6,6.29998271904762,0,0,26,26,"Alfa Romeo SpA","Alfa Romeo ",1,2,1,6
"130","Alfa Romeo ",1950-09-03,1950,"italian-grand-prix","Autodromo Nazionale Monza",3,"Nino Farina",120.2,188.685,1,6,6.29998271904762,1,8,8,0,"Alfa Romeo SpA","Alfa Romeo ",1,24,1,6
"131","Alfa Romeo ",1950-09-03,1950,"italian-grand-prix","Autodromo Nazionale Monza",4,"Consalvo Sanesi",120.4,188.372,99,1,6.29998271904762,0,0,0,0,"Alfa Romeo SpA","Alfa Romeo ",1,26,1,6
"132","Talbot CV",1950-09-03,1950,"italian-grand-prix","Autodromo Nazionale Monza",13,"Louis Rosier",133.4,170.014,4,6,6.29998271904762,1,3,13,10,"Ecurie Rosier","Talbot CV",7,5,3,6
"133","Talbot CV",1950-09-03,1950,"italian-grand-prix","Autodromo Nazionale Monza",14,"Henri Louveau",133.8,169.506,99,1,6.29998271904762,0,0,0,0,"Ecurie Rosier","Talbot CV",7,28,3,6
"134","Talbot CV",1950-09-03,1950,"italian-grand-prix","Autodromo Nazionale Monza",22,"Johnny Claes",138.6,163.636,99,6,6.29998271904762,0,0,0,0,"Other","Talbot CV",2,18,3,6
"135","Ferrari",1951-06-17,1951,"belgian-grand-prix","Circuit de Spa-Francorchamps",3,"Luigi Villoresi",269,188.966011698173,3,5,14.1199603185579,1,4,4,0,"Ferrari","Ferrari",5,13,6,6
"136","Maserati",1951-07-14,1951,"british-grand-prix","Silverstone Circuit",16,"Philip Fotheringham-Parker",133.2,126.587877721471,99,1,4.68375147569444,0,0,0,0,"Solo","Maserati",4,37,2,6
"137","Simca-Gordini",1951-10-28,1951,"spanish-grand-prix","Pedralbes Circuit",10,"Andre Simon",144.6,157.668049792531,99,4,6.333,0,0,0,0,"Equipe Gordini","Simca-Gordini",6,42,7,6
"138","Simca-Gordini",1951-10-28,1951,"spanish-grand-prix","Pedralbes Circuit",11,"Maurice Trintignant",145.25,156.96247848537,99,6,6.333,0,0,0,0,"Equipe Gordini","Simca-Gordini",6,27,7,6
"139","Alta",1952-06-22,1952,"belgian-grand-prix","Circuit de Spa-Francorchamps",14,"Lance Macklin",315,161.370975069233,11,2,14.1199603185579,0,0,0,0,"HW Motors","Alta",8,49,5,6
"140","Alta",1952-06-22,1952,"belgian-grand-prix","Circuit de Spa-Francorchamps",16,"Tony Gaze",320,158.849553583777,15,1,14.1199603185579,0,0,0,0,"Solo","Alta",4,56,5,6
"141","Alta",1952-06-22,1952,"belgian-grand-prix","Circuit de Spa-Francorchamps",20,"Roger Laurent",335,151.736887005399,12,1,14.1199603185579,0,0,0,0,"HW Motors","Alta",8,57,5,6
"142","Gordini ",1952-09-07,1952,"italian-grand-prix","Autodromo Nazionale Monza",7,"Robert Manzon",128.2,176.911,14,14,6.29998271904762,0,0,6,6,"Equipe Gordini","Gordini ",6,15,8,6
"143","Gordini ",1952-09-07,1952,"italian-grand-prix","Autodromo Nazionale Monza",11,"Jean Behra",130.8,173.394,99,6,6.29998271904762,0,0,4,4,"Equipe Gordini","Gordini ",6,47,8,6
"144","Bristol",1953-06-07,1953,"dutch-grand-prix","Circuit Zandvoort",18,"Ken Wharton",126.4,119.42,99,5,4.1929854619883,0,0,0,0,"Solo","Bristol",4,85,9,6
"145","Francis",1953-07-05,1953,"french-grand-prix","Reims-Gueux",11,"Prince Bira",173.2,173.494,99,10,8.18737912037037,0,0,0,0,"Connaught Engineering","Francis",9,3,10,6
"146","Francis",1953-07-05,1953,"french-grand-prix","Reims-Gueux",19,"Roy Salvadori",203,148.025,99,3,8.18737912037037,0,0,0,0,"Connaught Engineering","Francis",9,88,10,6
"147","Mercedes",1954-10-24,1954,"spanish-grand-prix","Pedralbes Circuit",2,"Juan Manuel Fangio",139.1,163.902228612509,3,29,6.333,1,4,16,12,"Daimler Benz AG","Mercedes",10,2,11,6
"148","Mercedes",1954-10-24,1954,"spanish-grand-prix","Pedralbes Circuit",9,"Hans Herrmann",141.9,160.668076109937,99,6,6.333,0,0,0,0,"Daimler Benz AG","Mercedes",10,74,11,6
"149","Ferrari",1951-07-01,1951,"french-grand-prix","Reims-Gueux",3,"Alberto Ascari",188.1,156.696251107567,2,7,8.18737912037037,1,6,6,0,"Ferrari","Ferrari",5,19,6,7
"150","Ferrari",1951-07-01,1951,"french-grand-prix","Reims-Gueux",9,"Reg Parnell",204,144.483160947712,4,3,8.18737912037037,1,3,3,0,"Other","Ferrari",2,30,6,7
"151","Alfa Romeo ",1951-05-27,1951,"swiss-grand-prix","Circuit Bremgarten",2,"Nino Farina",157.8,166.083140601027,3,7,7.2799776630117,1,4,12,8,"Alfa Romeo SpA","Alfa Romeo ",1,24,1,7
"152","Alfa Romeo ",1951-05-27,1951,"swiss-grand-prix","Circuit Bremgarten",5,"Emmanuel de Graffenried",161.8,161.977253317936,5,5,7.2799776630117,1,2,2,0,"Alfa Romeo SpA","Alfa Romeo ",1,16,1,7
"153","Talbot CV",1951-05-27,1951,"swiss-grand-prix","Circuit Bremgarten",8,"Louis Rosier",172.7,151.754021927285,9,7,7.2799776630117,0,0,3,3,"Ecurie Rosier","Talbot CV",7,5,3,7
"154","Talbot CV",1951-05-27,1951,"swiss-grand-prix","Circuit Bremgarten",11,"Henri Louveau",176.2,148.739611730091,99,2,7.2799776630117,0,0,0,0,"Ecurie Rosier","Talbot CV",7,28,3,7
"155","Talbot CV",1951-05-27,1951,"swiss-grand-prix","Circuit Bremgarten",12,"Philippe Etancelin",177.3,147.816805340339,10,7,7.2799776630117,0,0,0,0,"Solo","Talbot CV",4,12,3,7
"156","Talbot CV",1951-05-27,1951,"swiss-grand-prix","Circuit Bremgarten",13,"Jose Froilan Gonzalez",177.3,147.816805340339,99,3,7.2799776630117,0,0,6,6,"Ecurie Rosier","Talbot CV",7,11,3,7
"157","Talbot CV",1951-05-27,1951,"swiss-grand-prix","Circuit Bremgarten",15,"Yves Giraud-Cabantous",180.3,145.357291108387,99,5,7.2799776630117,0,0,2,2,"Other","Talbot CV",2,20,3,7
"158","Maserati",1951-07-29,1951,"german-grand-prix","Nurburgring",17,"Toni Branca",686.7,119.580159331324,99,3,22.8099153924501,0,0,0,0,"Solo","Maserati",4,46,2,7
"159","Alta",1952-07-06,1952,"french-grand-prix","Rouen-Les-Essarts",10,"Yves Giraud-Cabantous",147.5,135.286779661017,10,11,5.543,0,0,0,0,"HW Motors","Alta",8,20,5,7
"160","Alta",1952-07-06,1952,"french-grand-prix","Rouen-Les-Essarts",14,"Lance Macklin",150.9,132.238568588469,9,3,5.543,0,0,0,0,"HW Motors","Alta",8,49,5,7
"161","Gordini ",1953-01-18,1953,"argentine-grand-prix","Autódromo Juan y Oscar Gálvez",7,"Maurice Trintignant",220.4,63.9046965075155,7,12,3.91238753062678,0,0,0,0,"Equipe Gordini","Gordini ",6,27,8,7
"162","Gordini ",1953-01-18,1953,"argentine-grand-prix","Autódromo Juan y Oscar Gálvez",11,"Jean Behra",222.6,63.273113702859,6,7,3.91238753062678,0,0,0,0,"Equipe Gordini","Gordini ",6,47,8,7
"163","Gordini ",1953-01-18,1953,"argentine-grand-prix","Autódromo Juan y Oscar Gálvez",14,"Pablo Birger",223.8,62.9338476776426,99,1,3.91238753062678,0,0,0,0,"Equipe Gordini","Gordini ",6,70,8,7
"164","Francis",1953-07-18,1953,"british-grand-prix","Silverstone Circuit",10,"Tony Rolt",114,148.752,99,1,4.68375147569444,0,0,0,0,"Solo","Francis",4,84,10,7
"165","Francis",1953-07-18,1953,"british-grand-prix","Silverstone Circuit",13,"Kenneth McAlpine",117,144.938,99,4,4.68375147569444,0,0,0,0,"Connaught Engineering","Francis",9,75,10,7
"166","Bristol",1953-07-05,1953,"french-grand-prix","Reims-Gueux",12,"Bob Gerard",174.2,172.498,11,4,8.18737912037037,0,0,0,0,"Solo","Bristol",4,8,9,7
"167","Mercedes",1955-01-16,1955,"argentine-grand-prix","Autódromo Juan y Oscar Gálvez",3,"Juan Manuel Fangio",103.6,135.952,1,30,3.91238753062678,1,9,9,0,"Daimler Benz AG","Mercedes",10,2,11,7
"168","Mercedes",1955-01-16,1955,"argentine-grand-prix","Autódromo Juan y Oscar Gálvez",6,"Karl Kling",104.1,135.299,4,7,3.91238753062678,1,3,3,0,"Daimler Benz AG","Mercedes",10,94,11,7
"169","Mercedes",1955-01-16,1955,"argentine-grand-prix","Autódromo Juan y Oscar Gálvez",8,"Stirling Moss",104.4,134.91,4,17,3.91238753062678,1,3,3,0,"Daimler Benz AG","Mercedes",10,40,11,7
"170","Alfa Romeo ",1951-06-17,1951,"belgian-grand-prix","Circuit de Spa-Francorchamps",1,"Juan Manuel Fangio",265,191.818328855881,9,8,14.1199603185579,0,1,10,9,"Alfa Romeo SpA","Alfa Romeo ",1,2,1,8
"171","Alfa Romeo ",1951-06-17,1951,"belgian-grand-prix","Circuit de Spa-Francorchamps",6,"Consalvo Sanesi",276,184.173395459451,99,3,14.1199603185579,0,0,0,0,"Alfa Romeo SpA","Alfa Romeo ",1,26,1,8
"172","Talbot CV",1951-06-17,1951,"belgian-grand-prix","Circuit de Spa-Francorchamps",7,"Louis Rosier",285,178.357393497574,4,8,14.1199603185579,1,3,3,0,"Ecurie Rosier","Talbot CV",7,5,3,8
"173","Talbot CV",1951-06-17,1951,"belgian-grand-prix","Circuit de Spa-Francorchamps",8,"Yves Giraud-Cabantous",292,174.081702557563,5,6,14.1199603185579,1,2,2,0,"Other","Talbot CV",2,20,3,8
"174","Talbot CV",1951-06-17,1951,"belgian-grand-prix","Circuit de Spa-Francorchamps",11,"Johnny Claes",309,164.504392060869,7,8,14.1199603185579,0,0,0,0,"Other","Talbot CV",2,18,3,8
"175","Talbot CV",1951-06-17,1951,"belgian-grand-prix","Circuit de Spa-Francorchamps",13,"Pierre Levegh",317,160.352861661857,8,4,14.1199603185579,0,0,0,0,"Solo","Talbot CV",4,23,3,8
"176","Ferrari",1951-07-14,1951,"british-grand-prix","Silverstone Circuit",4,"Alberto Ascari",105.4,159.97633123814,99,8,4.68375147569444,0,0,14,14,"Ferrari","Ferrari",5,19,6,8
"177","Ferrari",1951-07-14,1951,"british-grand-prix","Silverstone Circuit",8,"Peter Whitehead",114.6,147.133554210297,9,5,4.68375147569444,0,0,0,0,"Other","Ferrari",2,34,6,8
"178","Maserati",1951-10-28,1951,"spanish-grand-prix","Pedralbes Circuit",17,"Paco Godia",157.45,144.800254048904,10,1,6.333,0,0,0,0,"Other","Maserati",2,43,2,8
"179","Alta",1952-07-19,1952,"british-grand-prix","Silverstone Circuit",11,"Duncan Hamilton",117,144.115430021368,99,3,4.68375147569444,0,0,0,0,"HW Motors","Alta",8,35,5,8
"180","Alta",1952-07-19,1952,"british-grand-prix","Silverstone Circuit",12,"Graham Whitehead",118,142.894112817797,12,1,4.68375147569444,0,0,0,0,"Other","Alta",2,60,5,8
"181","Alta",1952-07-19,1952,"british-grand-prix","Silverstone Circuit",26,"Tony Gaze",125,134.8920425,99,2,4.68375147569444,0,0,0,0,"Solo","Alta",4,56,5,8
"182","Alta",1952-07-19,1952,"british-grand-prix","Silverstone Circuit",29,"Lance Macklin",128,131.730510253906,15,4,4.68375147569444,0,0,0,0,"HW Motors","Alta",8,49,5,8
"183","Francis",1953-08-02,1953,"german-grand-prix","Nurburgring",15,"Prince Bira",662.1,124.023,99,12,22.8099153924501,0,0,0,0,"Connaught Engineering","Francis",9,3,10,8
"184","Francis",1953-08-02,1953,"german-grand-prix","Nurburgring",16,"Kenneth McAlpine",667.3,123.057,13,5,22.8099153924501,0,0,0,0,"Connaught Engineering","Francis",9,75,10,8
"185","Bristol",1953-07-18,1953,"british-grand-prix","Silverstone Circuit",11,"Ken Wharton",114,148.752,8,7,4.68375147569444,0,0,0,0,"Solo","Bristol",4,85,9,8
"186","Bristol",1953-07-18,1953,"british-grand-prix","Silverstone Circuit",15,"Jimmy Stewart",118,143.71,99,1,4.68375147569444,0,0,0,0,"Other","Bristol",2,86,9,8
"187","Gordini ",1953-06-07,1953,"dutch-grand-prix","Circuit Zandvoort",10,"Harry Schell",120.1,125.685,99,8,4.1929854619883,0,0,0,0,"Equipe Gordini","Gordini ",6,52,8,8
"188","Gordini ",1953-06-07,1953,"dutch-grand-prix","Circuit Zandvoort",12,"Maurice Trintignant",121.2,124.544,6,13,4.1929854619883,0,0,0,0,"Equipe Gordini","Gordini ",6,27,8,8
"189","Mercedes",1955-05-22,1955,"monaco-grand-prix","Circuit de Monaco",1,"Juan Manuel Fangio",101.1,111.988,99,31,3.16156530190058,0,1,10,9,"Daimler Benz AG","Mercedes",10,2,11,8
"190","Alfa Romeo ",1951-07-01,1951,"french-grand-prix","Reims-Gueux",1,"Juan Manuel Fangio",185.7,158.721404595225,1,9,8.18737912037037,1,9,9,0,"Alfa Romeo SpA","Alfa Romeo ",1,2,1,9
"191","Alfa Romeo ",1951-07-01,1951,"french-grand-prix","Reims-Gueux",2,"Nino Farina",187.4,157.28156261117,5,9,8.18737912037037,1,2,2,0,"Alfa Romeo SpA","Alfa Romeo ",1,24,1,9
"192","Alfa Romeo ",1951-07-01,1951,"french-grand-prix","Reims-Gueux",7,"Luigi Fagioli",193.1,152.638865009494,1,7,8.18737912037037,1,8,8,0,"Alfa Romeo SpA","Alfa Romeo ",1,1,1,9
"193","Talbot CV",1951-07-01,1951,"french-grand-prix","Reims-Gueux",8,"Louis Chiron",203.7,144.695949108166,6,8,8.18737912037037,0,0,0,0,"Ecurie Rosier","Talbot CV",7,6,3,9
"194","Talbot CV",1951-07-01,1951,"french-grand-prix","Reims-Gueux",19,"Guy Mairesse",218.4,134.956798687424,9,3,8.18737912037037,0,0,0,0,"Other","Talbot CV",2,33,3,9
"195","Ferrari",1951-07-29,1951,"german-grand-prix","Nurburgring",1,"Alberto Ascari",595.8,137.824262190031,1,9,22.8099153924501,1,8,25,17,"Ferrari","Ferrari",5,19,6,9
"196","Ferrari",1951-07-29,1951,"german-grand-prix","Nurburgring",6,"Piero Taruffi",612.9,133.978945036418,5,4,22.8099153924501,1,2,2,0,"Ferrari","Ferrari",5,44,6,9
"197","Alta",1952-08-17,1952,"dutch-grand-prix","Circuit Zandvoort",9,"Lance Macklin",115.2,131.030795687134,8,5,4.1929854619883,0,0,0,0,"HW Motors","Alta",8,49,5,9
"198","Alta",1952-08-17,1952,"dutch-grand-prix","Circuit Zandvoort",14,"Dries van der Lof",119.4,126.421672220753,99,1,4.1929854619883,0,0,0,0,"HW Motors","Alta",8,65,5,9
"199","Maserati",1952-07-06,1952,"french-grand-prix","Rouen-Les-Essarts",16,"Philippe Etancelin",153.7,129.829538061158,8,12,5.543,0,0,0,0,"Other","Maserati",2,12,2,9
"200","Bristol",1953-08-02,1953,"german-grand-prix","Nurburgring",17,"Alan Brown",668.7,122.799,99,7,22.8099153924501,0,0,0,0,"Solo","Bristol",4,50,9,9
"201","Bristol",1953-08-02,1953,"german-grand-prix","Nurburgring",20,"Rodney Nuckey",682.1,120.387,11,1,22.8099153924501,0,0,0,0,"Solo","Bristol",4,76,9,9
"202","Gordini ",1953-06-21,1953,"belgian-grand-prix","Circuit de Spa-Francorchamps",12,"Harry Schell",293,173.488,7,9,14.1199603185579,0,0,0,0,"Equipe Gordini","Gordini ",6,52,8,9
"203","Gordini ",1953-06-21,1953,"belgian-grand-prix","Circuit de Spa-Francorchamps",14,"Jean Behra",297,171.151,99,8,14.1199603185579,0,0,0,0,"Equipe Gordini","Gordini ",6,47,8,9
"204","Francis",1953-09-13,1953,"italian-grand-prix","Autodromo Nazionale Monza",14,"Roy Salvadori",128,177.187013973214,99,6,6.29998271904762,0,0,0,0,"Connaught Engineering","Francis",9,88,10,9
"205","Francis",1953-09-13,1953,"italian-grand-prix","Autodromo Nazionale Monza",30,"Johnny Claes",148.2,153.036017466744,99,22,6.29998271904762,0,0,0,0,"Other","Francis",2,18,10,9
"206","Mercedes",1955-06-05,1955,"belgian-grand-prix","Circuit de Spa-Francorchamps",6,"Karl Kling",264,192.545,99,8,14.1199603185579,0,0,7,7,"Daimler Benz AG","Mercedes",10,94,11,9
"207","Ferrari",1951-09-16,1951,"italian-grand-prix","Autodromo Nazionale Monza",3,"Alberto Ascari",115.1,197.04550641678,1,10,6.29998271904762,1,8,14,6,"Ferrari","Ferrari",5,19,6,10
"208","Ferrari",1951-09-16,1951,"italian-grand-prix","Autodromo Nazionale Monza",4,"Jose Froilan Gonzalez",115.9,195.685399383705,2,7,6.29998271904762,1,6,6,0,"Ferrari","Ferrari",5,11,6,10
"209","Ferrari",1951-09-16,1951,"italian-grand-prix","Autodromo Nazionale Monza",19,"Peter Whitehead",136.2,166.519367023285,99,6,6.29998271904762,0,0,0,0,"Other","Ferrari",2,34,6,10
"210","Alfa Romeo ",1951-07-14,1951,"british-grand-prix","Silverstone Circuit",3,"Nino Farina",105,160.585764880952,99,10,4.68375147569444,0,1,8,7,"Alfa Romeo SpA","Alfa Romeo ",1,24,1,10
"211","Alfa Romeo ",1951-07-14,1951,"british-grand-prix","Silverstone Circuit",6,"Consalvo Sanesi",110.2,153.008215176951,6,5,4.68375147569444,0,0,0,0,"Alfa Romeo SpA","Alfa Romeo ",1,26,1,10
"212","Talbot CV",1951-07-14,1951,"british-grand-prix","Silverstone Circuit",11,"Duncan Hamilton",117.2,143.869499253413,12,1,4.68375147569444,0,0,0,0,"Solo","Talbot CV",4,35,3,10
"213","Talbot CV",1951-07-14,1951,"british-grand-prix","Silverstone Circuit",13,"Louis Chiron",120.2,140.278746360233,99,9,4.68375147569444,0,0,0,0,"Ecurie Rosier","Talbot CV",7,6,3,10
"214","Maserati",1952-07-19,1952,"british-grand-prix","Silverstone Circuit",28,"Gino Bianco",127,132.767758366142,18,1,4.68375147569444,0,0,0,0,"Other","Maserati",2,62,2,10
"215","Bristol",1953-09-13,1953,"italian-grand-prix","Autodromo Nazionale Monza",19,"Ken Wharton",130.1,174.32696224882,99,9,6.29998271904762,0,0,0,0,"Solo","Bristol",4,85,9,10
"216","Bristol",1953-09-13,1953,"italian-grand-prix","Autodromo Nazionale Monza",24,"Alan Brown",134.8,168.248796651123,12,8,6.29998271904762,0,0,0,0,"Solo","Bristol",4,50,9,10
"217","Alta",1953-06-07,1953,"dutch-grand-prix","Circuit Zandvoort",16,"Peter Collins",123.1,122.622,8,5,4.1929854619883,0,0,0,0,"HW Motors","Alta",8,91,5,10
"218","Gordini ",1953-07-05,1953,"french-grand-prix","Reims-Gueux",20,"Harry Schell",205.8,146.011,99,10,8.18737912037037,0,0,0,0,"Equipe Gordini","Gordini ",6,52,8,10
"219","Francis",1954-07-17,1954,"british-grand-prix","Silverstone Circuit",17,"Don Beauman",115,146.621785326087,11,1,4.68375147569444,0,0,0,0,"Solo","Francis",4,92,10,10
"220","Francis",1954-07-17,1954,"british-grand-prix","Silverstone Circuit",22,"Leslie Marr",118,142.894112817797,13,1,4.68375147569444,0,0,0,0,"Solo","Francis",4,93,10,10
"221","Mercedes",1955-06-19,1955,"dutch-grand-prix","Circuit Zandvoort",2,"Stirling Moss",100.4,150.346092262529,2,20,4.1929854619883,1,6,9,3,"Daimler Benz AG","Mercedes",10,40,11,10
"222","Ferrari",1951-10-28,1951,"spanish-grand-prix","Pedralbes Circuit",1,"Alberto Ascari",130.59,174.583046175052,4,11,6.333,1,3,17,14,"Ferrari","Ferrari",5,19,6,11
"223","Ferrari",1951-10-28,1951,"spanish-grand-prix","Pedralbes Circuit",3,"Jose Froilan Gonzalez",134.01,170.12760241773,2,8,6.333,1,6,12,6,"Ferrari","Ferrari",5,11,6,11
"224","Alfa Romeo ",1951-07-29,1951,"german-grand-prix","Nurburgring",3,"Juan Manuel Fangio",599,137.087972308548,2,11,22.8099153924501,1,7,17,10,"Alfa Romeo SpA","Alfa Romeo ",1,2,1,11
"225","Alfa Romeo ",1951-07-29,1951,"german-grand-prix","Nurburgring",7,"Paul Pietsch",615.7,133.36965309862,99,2,22.8099153924501,0,0,0,0,"Alfa Romeo SpA","Alfa Romeo ",1,45,1,11
"226","Alfa Romeo ",1951-07-29,1951,"german-grand-prix","Nurburgring",10,"Felice Bonetto",646.1,127.094405529826,99,5,22.8099153924501,0,0,6,6,"Alfa Romeo SpA","Alfa Romeo ",1,21,1,11
"227","Talbot CV",1951-07-29,1951,"german-grand-prix","Nurburgring",11,"Yves Giraud-Cabantous",652.8,125.789974590718,99,8,22.8099153924501,0,0,2,2,"Other","Talbot CV",2,20,3,11
"228","Talbot CV",1951-07-29,1951,"german-grand-prix","Nurburgring",15,"Louis Rosier",668.2,122.890894062886,8,11,22.8099153924501,0,0,3,3,"Ecurie Rosier","Talbot CV",7,5,3,11
"229","Talbot CV",1951-07-29,1951,"german-grand-prix","Nurburgring",18,"Johnny Claes",693.6,118.390564320675,11,11,22.8099153924501,0,0,0,0,"Other","Talbot CV",2,18,3,11
"230","Talbot CV",1951-07-29,1951,"german-grand-prix","Nurburgring",19,"Pierre Levegh",701.9,116.990590415758,9,5,22.8099153924501,0,0,0,0,"Solo","Talbot CV",4,23,3,11
"231","Maserati",1952-08-17,1952,"dutch-grand-prix","Circuit Zandvoort",12,"Gino Bianco",118.2,127.705140974263,99,3,4.1929854619883,0,0,0,0,"Other","Maserati",2,62,2,11
"232","Alta",1953-06-21,1953,"belgian-grand-prix","Circuit de Spa-Francorchamps",11,"Paul Frere",292,174.082,10,4,14.1199603185579,0,0,0,0,"HW Motors","Alta",8,63,5,11
"233","Gordini ",1953-07-18,1953,"british-grand-prix","Silverstone Circuit",8,"Maurice Trintignant",112,151.408,99,16,4.68375147569444,0,0,0,0,"Equipe Gordini","Gordini ",6,27,8,11
"234","Bristol",1954-07-17,1954,"british-grand-prix","Silverstone Circuit",18,"Bob Gerard",115,146.621785326087,10,6,4.68375147569444,0,0,0,0,"Solo","Bristol",4,8,9,11
"235","Bristol",1954-07-17,1954,"british-grand-prix","Silverstone Circuit",25,"Eric Brandon",125,134.8920425,99,5,4.68375147569444,0,0,0,0,"Other","Bristol",2,53,9,11
"236","Bristol",1954-07-17,1954,"british-grand-prix","Silverstone Circuit",26,"Alan Brown",132,127.738676609848,99,9,4.68375147569444,0,0,0,0,"Solo","Bristol",4,50,9,11
"237","Mercedes",1955-07-16,1955,"british-grand-prix","Aintree Motor Racing Circuit",2,"Juan Manuel Fangio",120.6,144.119402985075,2,34,4.828,1,6,16,10,"Daimler Benz AG","Mercedes",10,2,11,11
"238","Mercedes",1955-07-16,1955,"british-grand-prix","Aintree Motor Racing Circuit",4,"Karl Kling",122,142.465573770492,3,10,4.828,1,4,7,3,"Daimler Benz AG","Mercedes",10,94,11,11
"239","Alfa Romeo ",1951-09-16,1951,"italian-grand-prix","Autodromo Nazionale Monza",2,"Nino Farina",113.9,199.121490681049,3,12,6.29998271904762,1,5,7,2,"Alfa Romeo SpA","Alfa Romeo ",1,24,1,12
"240","Alfa Romeo ",1951-09-16,1951,"italian-grand-prix","Autodromo Nazionale Monza",7,"Felice Bonetto",118.3,191.715450452844,3,6,6.29998271904762,1,4,4,0,"Alfa Romeo SpA","Alfa Romeo ",1,21,1,12
"241","Alfa Romeo ",1951-09-16,1951,"italian-grand-prix","Autodromo Nazionale Monza",9,"Emmanuel de Graffenried",125.2,181.149662848015,99,8,6.29998271904762,0,0,0,0,"Alfa Romeo SpA","Alfa Romeo ",1,16,1,12
"242","Talbot CV",1951-09-16,1951,"italian-grand-prix","Autodromo Nazionale Monza",15,"Louis Rosier",130.8,173.394019790301,7,12,6.29998271904762,0,0,3,3,"Ecurie Rosier","Talbot CV",7,5,3,12
"243","Talbot CV",1951-09-16,1951,"italian-grand-prix","Autodromo Nazionale Monza",17,"Louis Chiron",132.1,171.687644122418,99,11,6.29998271904762,0,0,0,0,"Ecurie Rosier","Talbot CV",7,6,3,12
"244","Ferrari",1952-05-18,1952,"swiss-grand-prix","Circuit Bremgarten",1,"Nino Farina",167.5,156.465191563236,99,14,7.2799776630117,0,0,0,0,"Ferrari","Ferrari",5,24,6,12
"245","Ferrari",1952-05-18,1952,"swiss-grand-prix","Circuit Bremgarten",4,"Andre Simon",172.4,152.018095051288,99,5,7.2799776630117,0,0,0,0,"Ferrari","Ferrari",5,42,6,12
"246","Ferrari",1952-05-18,1952,"swiss-grand-prix","Circuit Bremgarten",19,"Peter Hirt",190.2,137.791375325143,7,2,7.2799776630117,0,0,0,0,"Other","Ferrari",2,41,6,12
"247","Maserati",1952-09-07,1952,"italian-grand-prix","Autodromo Nazionale Monza",5,"Jose Froilan Gonzalez",127.6,177.742,2,9,6.29998271904762,1,7,7,0,"Officine Alfieri Maserati","Maserati",3,11,2,12
"248","Maserati",1952-09-07,1952,"italian-grand-prix","Autodromo Nazionale Monza",13,"Felice Bonetto",131.6,172.34,5,9,6.29998271904762,1,2,2,0,"Officine Alfieri Maserati","Maserati",3,21,2,12
"249","Maserati",1952-09-07,1952,"italian-grand-prix","Autodromo Nazionale Monza",23,"Eitel Cantoni",135.9,166.887,11,3,6.29998271904762,0,0,0,0,"Other","Maserati",2,67,2,12
"250","Maserati",1952-09-07,1952,"italian-grand-prix","Autodromo Nazionale Monza",24,"Gino Bianco",137.1,165.426,99,4,6.29998271904762,0,0,0,0,"Other","Maserati",2,62,2,12
"251","Gordini ",1953-08-02,1953,"german-grand-prix","Nurburgring",9,"Jean Behra",645.5,127.213,99,11,22.8099153924501,0,0,0,0,"Equipe Gordini","Gordini ",6,47,8,12
"252","Gordini ",1953-08-02,1953,"german-grand-prix","Nurburgring",10,"Harry Schell",646.6,126.996,99,12,22.8099153924501,0,0,0,0,"Equipe Gordini","Gordini ",6,52,8,12
"253","Alta",1953-07-05,1953,"french-grand-prix","Reims-Gueux",16,"Lance Macklin",177.2,169.577,99,8,8.18737912037037,0,0,0,0,"HW Motors","Alta",8,49,5,12
"254","Alta",1953-07-05,1953,"french-grand-prix","Reims-Gueux",18,"Yves Giraud-Cabantous",186.7,160.949,14,12,8.18737912037037,0,0,0,0,"HW Motors","Alta",8,20,5,12
"255","Bristol",1955-07-16,1955,"british-grand-prix","Aintree Motor Racing Circuit",25,"Jack Brabham",147.4,117.915875169607,99,1,4.828,0,0,0,0,"Other","Bristol",2,109,9,12
"256","Mercedes",1955-09-11,1955,"italian-grand-prix","Autodromo Nazionale Monza",1,"Juan Manuel Fangio",166.5,136.215842574003,1,35,6.29998271904762,1,8,24,16,"Daimler Benz AG","Mercedes",10,2,11,12
"257","Mercedes",1955-09-11,1955,"italian-grand-prix","Autodromo Nazionale Monza",9,"Piero Taruffi",171.8,132.01360761683,2,16,6.29998271904762,1,6,6,0,"Daimler Benz AG","Mercedes",10,44,11,12
"258","Alfa Romeo ",1951-10-28,1951,"spanish-grand-prix","Pedralbes Circuit",4,"Nino Farina",134.94,168.955091151623,3,13,6.333,1,4,16,12,"Alfa Romeo SpA","Alfa Romeo ",1,24,1,13
"259","Alfa Romeo ",1951-10-28,1951,"spanish-grand-prix","Pedralbes Circuit",8,"Felice Bonetto",141.8,160.781382228491,5,7,6.333,1,2,6,4,"Alfa Romeo SpA","Alfa Romeo ",1,21,1,13
"260","Talbot CV",1951-10-28,1951,"spanish-grand-prix","Pedralbes Circuit",14,"Yves Giraud-Cabantous",152.18,149.814693126561,99,10,6.333,0,0,2,2,"Other","Talbot CV",2,20,3,13
"261","Talbot CV",1951-10-28,1951,"spanish-grand-prix","Pedralbes Circuit",15,"Johnny Claes",154.46,147.603262980707,99,13,6.333,0,0,0,0,"Other","Talbot CV",2,18,3,13
"262","Talbot CV",1951-10-28,1951,"spanish-grand-prix","Pedralbes Circuit",20,"Louis Rosier",166.78,136.699844106008,7,13,6.333,0,0,3,3,"Ecurie Rosier","Talbot CV",7,5,3,13
"263","Ferrari",1952-06-22,1952,"belgian-grand-prix","Circuit de Spa-Francorchamps",1,"Alberto Ascari",277,183.508509555265,1,12,14.1199603185579,1,9,18,9,"Ferrari","Ferrari",5,19,6,13
"264","Ferrari",1952-06-22,1952,"belgian-grand-prix","Circuit de Spa-Francorchamps",13,"Charles de Tornaco",313,162.40209951057,7,1,14.1199603185579,0,0,0,0,"Other","Ferrari",2,54,6,13
"265","Maserati",1953-01-18,1953,"argentine-grand-prix","Autódromo Juan y Oscar Gálvez",2,"Juan Manuel Fangio",216.1,65.1762846379288,99,14,3.91238753062678,0,0,0,0,"Officine Alfieri Maserati","Maserati",3,2,2,13
"266","Maserati",1953-01-18,1953,"argentine-grand-prix","Autódromo Juan y Oscar Gálvez",15,"Felice Bonetto",224.2,62.8215660582356,99,10,3.91238753062678,0,0,0,0,"Officine Alfieri Maserati","Maserati",3,21,2,13
"267","Gordini ",1953-08-23,1953,"swiss-grand-prix","Circuit Bremgarten",12,"Jean Behra",175,149.76,99,12,7.2799776630117,0,0,0,0,"Equipe Gordini","Gordini ",6,47,8,13
"268","Alta",1953-07-18,1953,"british-grand-prix","Silverstone Circuit",12,"Lance Macklin",117,144.938,99,9,4.68375147569444,0,0,0,0,"HW Motors","Alta",8,49,5,13
"269","Alta",1953-07-18,1953,"british-grand-prix","Silverstone Circuit",14,"Peter Whitehead",117,144.938,9,9,4.68375147569444,0,0,0,0,"Solo","Alta",4,34,5,13
"270","Alta",1953-07-18,1953,"british-grand-prix","Silverstone Circuit",17,"Duncan Hamilton",122,138.998,99,5,4.68375147569444,0,0,0,0,"HW Motors","Alta",8,35,5,13
"271","Ferrari",1952-07-06,1952,"french-grand-prix","Rouen-Les-Essarts",2,"Nino Farina",136.2,146.511013215859,2,16,5.543,1,6,9,3,"Ferrari","Ferrari",5,24,6,14
"272","Ferrari",1952-07-06,1952,"french-grand-prix","Rouen-Les-Essarts",9,"Louis Rosier",147,135.74693877551,99,16,5.543,0,0,0,0,"Ecurie Rosier","Ferrari",7,5,6,14
"273","Ferrari",1952-07-06,1952,"french-grand-prix","Rouen-Les-Essarts",17,"RudI Fischer",154.6,129.073738680466,11,4,5.543,0,0,0,0,"Other","Ferrari",2,39,6,14
"274","Ferrari",1952-07-06,1952,"french-grand-prix","Rouen-Les-Essarts",19,"Piero Carini",157.7,126.536461636018,99,1,5.543,0,0,0,0,"Solo","Ferrari",4,68,6,14
"275","Alta",1953-08-23,1953,"swiss-grand-prix","Circuit Bremgarten",16,"Paul Frere",177.9,147.318,99,5,7.2799776630117,0,0,0,0,"HW Motors","Alta",8,63,5,14
"276","Alta",1953-08-23,1953,"swiss-grand-prix","Circuit Bremgarten",18,"Albert Scherrer",187.4,139.85,9,1,7.2799776630117,0,0,0,0,"HW Motors","Alta",8,73,5,14
"277","Gordini ",1953-09-13,1953,"italian-grand-prix","Autodromo Nazionale Monza",15,"Harry Schell",128,177.187013973214,9,13,6.29998271904762,0,0,0,0,"Equipe Gordini","Gordini ",6,52,8,14
"278","Maserati",1953-06-07,1953,"dutch-grand-prix","Circuit Zandvoort",5,"Jose Froilan Gonzalez",114.1,132.294,3,11,4.1929854619883,1,4,5,1,"Officine Alfieri Maserati","Maserati",3,11,2,14
"279","Ferrari",1952-07-19,1952,"british-grand-prix","Silverstone Circuit",2,"Alberto Ascari",110,153.286411931818,1,14,4.68375147569444,1,9,27,18,"Ferrari","Ferrari",5,19,6,15
"280","Ferrari",1952-07-19,1952,"british-grand-prix","Silverstone Circuit",3,"Piero Taruffi",113,149.216861172566,2,10,4.68375147569444,1,6,9,3,"Ferrari","Ferrari",5,44,6,15
"281","Ferrari",1952-07-19,1952,"british-grand-prix","Silverstone Circuit",24,"Peter Hirt",123,137.085409044715,99,3,4.68375147569444,0,0,0,0,"Other","Ferrari",2,41,6,15
"282","Maserati",1953-06-21,1953,"belgian-grand-prix","Circuit de Spa-Francorchamps",3,"Jose Froilan Gonzalez",272,186.882,99,12,14.1199603185579,0,1,1,0,"Officine Alfieri Maserati","Maserati",3,11,2,15
"283","Maserati",1953-06-21,1953,"belgian-grand-prix","Circuit de Spa-Francorchamps",6,"Onofre Marimon",280,181.542,3,2,14.1199603185579,1,4,4,0,"Officine Alfieri Maserati","Maserati",3,31,2,15
"284","Maserati",1953-06-21,1953,"belgian-grand-prix","Circuit de Spa-Francorchamps",10,"Johnny Claes",290,175.282,99,19,14.1199603185579,0,0,0,0,"Officine Alfieri Maserati","Maserati",3,18,2,15
"285","Alta",1953-09-13,1953,"italian-grand-prix","Autodromo Nazionale Monza",26,"John Fitch",138.1,164.228369214855,99,1,6.29998271904762,0,0,0,0,"HW Motors","Alta",8,90,5,15
"286","Alta",1953-09-13,1953,"italian-grand-prix","Autodromo Nazionale Monza",27,"Lance Macklin",138.2,164.109535373165,99,11,6.29998271904762,0,0,0,0,"HW Motors","Alta",8,49,5,15
"287","Gordini ",1954-01-17,1954,"argentine-grand-prix","Autódromo Juan y Oscar Gálvez",15,"Roger Loyer",112.6,125.085,99,1,3.91238753062678,0,0,0,0,"Equipe Gordini","Gordini ",6,97,8,15
"288","Gordini ",1954-01-17,1954,"argentine-grand-prix","Autódromo Juan y Oscar Gálvez",16,"Jean Behra",113,124.642,99,13,3.91238753062678,0,0,1,1,"Equipe Gordini","Gordini ",6,47,8,15
"289","Ferrari",1952-08-03,1952,"german-grand-prix","Nurburgring",1,"Alberto Ascari",604.4,135.863,1,15,22.8099153924501,1,9,9,0,"Ferrari","Ferrari",5,19,6,16
"290","Ferrari",1952-08-03,1952,"german-grand-prix","Nurburgring",5,"Piero Taruffi",626.3,131.112,4,11,22.8099153924501,1,3,3,0,"Ferrari","Ferrari",5,44,6,16
"291","Maserati",1953-07-05,1953,"french-grand-prix","Reims-Gueux",4,"Juan Manuel Fangio",162,185.488,2,17,8.18737912037037,1,7,31,24,"Officine Alfieri Maserati","Maserati",3,2,2,16
"292","Maserati",1953-07-05,1953,"french-grand-prix","Reims-Gueux",8,"Onofre Marimon",164.7,182.448,9,3,8.18737912037037,0,0,4,4,"Officine Alfieri Maserati","Maserati",3,31,2,16
"293","Maserati",1953-07-05,1953,"french-grand-prix","Reims-Gueux",9,"Emmanuel de Graffenried",166.1,180.91,7,15,8.18737912037037,0,0,0,0,"Solo","Maserati",4,16,2,16
"294","Alta",1954-07-04,1954,"french-grand-prix","Reims-Gueux",15,"Lance Macklin",172.5,170.867042512077,99,12,8.18737912037037,0,0,0,0,"HW Motors","Alta",8,49,5,16
"295","Gordini ",1954-06-20,1954,"belgian-grand-prix","Circuit de Spa-Francorchamps",7,"Jean Behra",274.5,185.179807456497,99,14,14.1199603185579,0,0,1,1,"Equipe Gordini","Gordini ",6,47,8,16
"296","Gordini ",1954-06-20,1954,"belgian-grand-prix","Circuit de Spa-Francorchamps",8,"Andre Pilette",280,181.542346952888,5,3,14.1199603185579,1,2,2,0,"Equipe Gordini","Gordini ",6,82,8,16
"297","Ferrari",1952-09-07,1952,"italian-grand-prix","Autodromo Nazionale Monza",3,"Nino Farina",127,178.582,4,20,6.29998271904762,1,3,3,0,"Ferrari","Ferrari",5,24,6,17
"298","Ferrari",1952-09-07,1952,"italian-grand-prix","Autodromo Nazionale Monza",6,"Piero Taruffi",127.8,177.464,7,12,6.29998271904762,0,0,9,9,"Ferrari","Ferrari",5,44,6,17
"299","Ferrari",1952-09-07,1952,"italian-grand-prix","Autodromo Nazionale Monza",14,"RudI Fischer",131.8,172.078,99,7,6.29998271904762,0,0,0,0,"Other","Ferrari",2,39,6,17
"300","Ferrari",1952-09-07,1952,"italian-grand-prix","Autodromo Nazionale Monza",17,"Louis Rosier",132.7,170.911,10,17,6.29998271904762,0,0,0,0,"Ecurie Rosier","Ferrari",7,5,6,17
"301","Maserati",1953-07-18,1953,"british-grand-prix","Silverstone Circuit",4,"Juan Manuel Fangio",110,154.161,2,18,4.68375147569444,1,6,15,9,"Officine Alfieri Maserati","Maserati",3,2,2,17
"302","Maserati",1953-07-18,1953,"british-grand-prix","Silverstone Circuit",16,"Felice Bonetto",118,143.71,6,13,4.68375147569444,0,0,6,6,"Officine Alfieri Maserati","Maserati",3,21,2,17
"303","Maserati",1953-07-18,1953,"british-grand-prix","Silverstone Circuit",26,"Emmanuel de Graffenried",129,131.455,99,16,4.68375147569444,0,0,0,0,"Solo","Maserati",4,16,2,17
"304","Gordini ",1954-07-17,1954,"british-grand-prix","Silverstone Circuit",5,"Jean Behra",108,156.125049189815,99,16,4.68375147569444,0,1,1,0,"Equipe Gordini","Gordini ",6,47,8,17
"305","Gordini ",1954-07-17,1954,"british-grand-prix","Silverstone Circuit",12,"Andre Pilette",111,151.905453265766,9,4,4.68375147569444,0,0,0,0,"Equipe Gordini","Gordini ",6,82,8,17
"306","Alta",1954-07-17,1954,"british-grand-prix","Silverstone Circuit",24,"Peter Whitehead",120,140.512544270833,99,10,4.68375147569444,0,0,0,0,"Other","Alta",2,34,5,17
"307","Ferrari",1953-01-18,1953,"argentine-grand-prix","Autódromo Juan y Oscar Gálvez",1,"Alberto Ascari",215.4,65.3880924338738,1,18,3.91238753062678,1,9,9,0,"Ferrari","Ferrari",5,19,6,18
"308","Ferrari",1953-01-18,1953,"argentine-grand-prix","Autódromo Juan y Oscar Gálvez",3,"Luigi Villoresi",216.5,65.0558665600758,2,13,3.91238753062678,1,6,6,0,"Ferrari","Ferrari",5,13,6,18
"309","Maserati",1953-08-02,1953,"german-grand-prix","Nurburgring",2,"Juan Manuel Fangio",603.7,136.021,2,19,22.8099153924501,1,6,9,3,"Officine Alfieri Maserati","Maserati",3,2,2,18
"310","Maserati",1953-08-02,1953,"german-grand-prix","Nurburgring",7,"Felice Bonetto",640.8,128.146,4,14,22.8099153924501,1,3,6,3,"Officine Alfieri Maserati","Maserati",3,21,2,18
"311","Gordini ",1954-08-01,1954,"german-grand-prix","Nurburgring",6,"Paul Frere",605.9,135.526812036343,99,8,22.8099153924501,0,0,0,0,"Equipe Gordini","Gordini ",6,63,8,18
"312","Gordini ",1954-08-01,1954,"german-grand-prix","Nurburgring",20,"Andre Pilette",673.4,121.941929629968,99,5,22.8099153924501,0,0,2,2,"Equipe Gordini","Gordini ",6,82,8,18
"313","Alta",1955-07-16,1955,"british-grand-prix","Aintree Motor Racing Circuit",21,"Jack Fairman",131.6,132.072948328267,99,3,4.828,0,0,0,0,"Connaught Engineering","Alta",9,107,5,18
"314","Maserati",1953-08-23,1953,"swiss-grand-prix","Circuit Bremgarten",1,"Juan Manuel Fangio",160.1,163.697,4,20,7.2799776630117,1,3,3,0,"Officine Alfieri Maserati","Maserati",3,2,2,19
"315","Maserati",1953-08-23,1953,"swiss-grand-prix","Circuit Bremgarten",8,"Emmanuel de Graffenried",169.9,154.255,99,18,7.2799776630117,0,0,0,0,"Solo","Maserati",4,16,2,19
"316","Maserati",1953-08-23,1953,"swiss-grand-prix","Circuit Bremgarten",10,"Felice Bonetto",172,152.372,4,15,7.2799776630117,1,3,3,0,"Officine Alfieri Maserati","Maserati",3,21,2,19
"317","Maserati",1953-08-23,1953,"swiss-grand-prix","Circuit Bremgarten",11,"Hermann Lang",174.8,149.931,5,1,7.2799776630117,1,2,2,0,"Officine Alfieri Maserati","Maserati",3,71,2,19
"318","Ferrari",1953-06-07,1953,"dutch-grand-prix","Circuit Zandvoort",1,"Alberto Ascari",111.1,135.866,1,19,4.1929854619883,1,8,35,27,"Ferrari","Ferrari",5,19,6,19
"319","Ferrari",1953-06-07,1953,"dutch-grand-prix","Circuit Zandvoort",3,"Nino Farina",113,133.582,2,22,4.1929854619883,1,6,20,14,"Ferrari","Ferrari",5,24,6,19
"320","Ferrari",1953-06-07,1953,"dutch-grand-prix","Circuit Zandvoort",8,"Louis Rosier",119.5,126.316,7,18,4.1929854619883,0,0,0,0,"Ecurie Rosier","Ferrari",7,5,6,19
"321","Gordini ",1954-08-22,1954,"swiss-grand-prix","Circuit Bremgarten",14,"Jean Behra",196.4,133.441545757852,99,18,7.2799776630117,0,0,1,1,"Equipe Gordini","Gordini ",6,47,8,19
"322","Gordini ",1954-08-22,1954,"swiss-grand-prix","Circuit Bremgarten",15,"Fred Wacker",200.3,130.843332934808,99,2,7.2799776630117,0,0,0,0,"Equipe Gordini","Gordini ",6,101,8,19
"323","Ferrari",1953-06-21,1953,"belgian-grand-prix","Circuit de Spa-Francorchamps",4,"Nino Farina",276,184.173,99,23,14.1199603185579,0,0,8,8,"Ferrari","Ferrari",5,24,6,20
"324","Ferrari",1953-06-21,1953,"belgian-grand-prix","Circuit de Spa-Francorchamps",5,"Luigi Villoresi",279,182.193,2,15,14.1199603185579,1,6,12,6,"Ferrari","Ferrari",5,13,6,20
"325","Ferrari",1953-06-21,1953,"belgian-grand-prix","Circuit de Spa-Francorchamps",13,"Louis Rosier",296,171.729,8,19,14.1199603185579,0,0,0,0,"Ecurie Rosier","Ferrari",7,5,6,20
"326","Maserati",1953-09-13,1953,"italian-grand-prix","Autodromo Nazionale Monza",2,"Juan Manuel Fangio",123.2,184.090404128015,1,21,6.29998271904762,1,9,24,15,"Officine Alfieri Maserati","Maserati",3,2,2,20
"327","Maserati",1953-09-13,1953,"italian-grand-prix","Autodromo Nazionale Monza",4,"Onofre Marimon",124.1,182.755340762058,99,7,6.29998271904762,0,0,4,4,"Officine Alfieri Maserati","Maserati",3,31,2,20
"328","Maserati",1953-09-13,1953,"italian-grand-prix","Autodromo Nazionale Monza",21,"Chico Landi",132.8,170.782664070568,99,5,6.29998271904762,0,0,0,0,"Other","Maserati",2,89,2,20
"329","Gordini ",1954-09-05,1954,"italian-grand-prix","Autodromo Nazionale Monza",12,"Jean Behra",122.4,185.294,99,19,6.29998271904762,0,0,1,1,"Equipe Gordini","Gordini ",6,47,8,20
"330","Ferrari",1953-07-05,1953,"french-grand-prix","Reims-Gueux",1,"Alberto Ascari",161.2,186.409,4,21,8.18737912037037,1,3,38,35,"Ferrari","Ferrari",5,19,6,21
"331","Ferrari",1953-07-05,1953,"french-grand-prix","Reims-Gueux",6,"Nino Farina",162.5,184.918,5,24,8.18737912037037,1,2,22,20,"Ferrari","Ferrari",5,24,6,21
"332","Maserati",1954-01-17,1954,"argentine-grand-prix","Autódromo Juan y Oscar Gálvez",3,"Juan Manuel Fangio",105.7,133.251,1,22,3.91238753062678,1,8,12,4,"Officine Alfieri Maserati","Maserati",3,2,2,21
"333","Maserati",1954-01-17,1954,"argentine-grand-prix","Autódromo Juan y Oscar Gálvez",7,"Luigi Musso",108.2,130.172,99,1,3.91238753062678,0,0,0,0,"Officine Alfieri Maserati","Maserati",3,96,2,21
"334","Maserati",1954-01-17,1954,"argentine-grand-prix","Autódromo Juan y Oscar Gálvez",12,"Emmanuel de Graffenried",111,126.888,8,20,3.91238753062678,0,0,0,0,"Solo","Maserati",4,16,2,21
"335","Maserati",1954-01-17,1954,"argentine-grand-prix","Autódromo Juan y Oscar Gálvez",17,"Jorge Daponte",116.7,120.691,99,1,3.91238753062678,0,0,0,0,"Solo","Maserati",4,98,2,21
"336","Gordini ",1954-10-24,1954,"spanish-grand-prix","Pedralbes Circuit",16,"Jacques Pollet",147.4,154.672998643148,99,2,6.333,0,0,0,0,"Equipe Gordini","Gordini ",6,99,8,21
"337","Ferrari",1953-07-18,1953,"british-grand-prix","Silverstone Circuit",1,"Alberto Ascari",108,157.016,1,22,4.68375147569444,1,9,27,18,"Ferrari","Ferrari",5,19,6,22
"338","Ferrari",1953-07-18,1953,"british-grand-prix","Silverstone Circuit",6,"Luigi Villoresi",111,152.772,99,17,4.68375147569444,0,0,12,12,"Ferrari","Ferrari",5,13,6,22
"339","Ferrari",1953-07-18,1953,"british-grand-prix","Silverstone Circuit",24,"Louis Rosier",127,133.525,10,21,4.68375147569444,0,0,0,0,"Ecurie Rosier","Ferrari",7,5,6,22
"340","Maserati",1954-06-20,1954,"belgian-grand-prix","Circuit de Spa-Francorchamps",1,"Juan Manuel Fangio",262.1,193.940698766915,1,23,14.1199603185579,1,9,25,16,"Officine Alfieri Maserati","Maserati",3,2,2,22
"341","Maserati",1954-06-20,1954,"belgian-grand-prix","Circuit de Spa-Francorchamps",9,"Stirling Moss",280.8,181.025132289204,3,11,14.1199603185579,1,4,4,0,"Solo","Maserati",4,40,2,22
"342","Maserati",1954-06-20,1954,"belgian-grand-prix","Circuit de Spa-Francorchamps",11,"Sergio Mantovani",283.2,179.491020998618,7,2,14.1199603185579,0,0,0,0,"Officine Alfieri Maserati","Maserati",3,100,2,22
"343","Gordini ",1955-01-16,1955,"argentine-grand-prix","Autódromo Juan y Oscar Gálvez",15,"Elie Bayol",106.1,132.748,99,5,3.91238753062678,0,0,0,0,"Equipe Gordini","Gordini ",6,66,8,22
"344","Gordini ",1955-01-16,1955,"argentine-grand-prix","Autódromo Juan y Oscar Gálvez",17,"Jesús Ricardo Iglesias",106.4,132.374,99,1,3.91238753062678,0,0,0,0,"Equipe Gordini","Gordini ",6,103,8,22
"345","Ferrari",1953-08-02,1953,"german-grand-prix","Nurburgring",1,"Alberto Ascari",599.8,136.905,8,23,22.8099153924501,0,0,18,18,"Ferrari","Ferrari",5,19,6,23
"346","Ferrari",1953-08-02,1953,"german-grand-prix","Nurburgring",3,"Nino Farina",604.1,135.931,1,26,22.8099153924501,1,8,8,0,"Ferrari","Ferrari",5,24,6,23
"347","Ferrari",1953-08-02,1953,"german-grand-prix","Nurburgring",6,"Luigi Villoresi",622.8,131.849,8,18,22.8099153924501,0,0,6,6,"Ferrari","Ferrari",5,13,6,23
"348","Ferrari",1953-08-02,1953,"german-grand-prix","Nurburgring",19,"Jacques Swaters",678.9,120.954,7,3,22.8099153924501,0,0,0,0,"Other","Ferrari",2,72,6,23
"349","Ferrari",1953-08-02,1953,"german-grand-prix","Nurburgring",22,"Louis Rosier",687.4,119.458,10,22,22.8099153924501,0,0,0,0,"Ecurie Rosier","Ferrari",7,5,6,23
"350","Ferrari",1953-08-02,1953,"german-grand-prix","Nurburgring",27,"Kurt Adolff",713.1,115.153,99,1,22.8099153924501,0,0,0,0,"Other","Ferrari",2,79,6,23
"351","Maserati",1954-07-04,1954,"french-grand-prix","Reims-Gueux",5,"Onofre Marimon",151.6,194.423250879507,99,10,8.18737912037037,0,0,0,0,"Officine Alfieri Maserati","Maserati",3,31,2,23
"352","Maserati",1954-07-04,1954,"french-grand-prix","Reims-Gueux",6,"Prince Bira",155.1,190.035879002794,4,16,8.18737912037037,1,3,3,0,"Solo","Maserati",4,3,2,23
"353","Maserati",1954-07-04,1954,"french-grand-prix","Reims-Gueux",11,"Roberto Mieres",158.7,185.72504620878,99,6,8.18737912037037,0,0,0,0,"Solo","Maserati",4,95,2,23
"354","Maserati",1954-07-04,1954,"french-grand-prix","Reims-Gueux",16,"Ken Wharton",189.3,155.702930973763,99,10,8.18737912037037,0,0,0,0,"Solo","Maserati",4,85,2,23
"355","Gordini ",1955-05-22,1955,"monaco-grand-prix","Circuit de Monaco",13,"Robert Manzon",106,106.811,99,22,3.16156530190058,0,0,0,0,"Equipe Gordini","Gordini ",6,15,8,23
"356","Gordini ",1955-05-22,1955,"monaco-grand-prix","Circuit de Monaco",16,"Elie Bayol",106.5,106.309,99,6,3.16156530190058,0,0,0,0,"Equipe Gordini","Gordini ",6,66,8,23
"357","Ferrari",1953-08-23,1953,"swiss-grand-prix","Circuit Bremgarten",2,"Alberto Ascari",160.7,163.086,1,24,7.2799776630117,1,9,18,9,"Ferrari","Ferrari",5,19,6,24
"358","Ferrari",1953-08-23,1953,"swiss-grand-prix","Circuit Bremgarten",7,"Mike Hawthorn",168.1,155.907,3,12,7.2799776630117,1,4,4,0,"Ferrari","Ferrari",5,58,6,24
"359","Ferrari",1953-08-23,1953,"swiss-grand-prix","Circuit Bremgarten",13,"Jacques Swaters",175.1,149.674,99,4,7.2799776630117,0,0,0,0,"Other","Ferrari",2,72,6,24
"360","Ferrari",1953-08-23,1953,"swiss-grand-prix","Circuit Bremgarten",14,"Louis Rosier",175.4,149.418,99,23,7.2799776630117,0,0,0,0,"Ecurie Rosier","Ferrari",7,5,6,24
"361","Ferrari",1953-08-23,1953,"swiss-grand-prix","Circuit Bremgarten",17,"Peter Hirt",181.5,144.396,99,4,7.2799776630117,0,0,0,0,"Other","Ferrari",2,41,6,24
"362","Maserati",1954-07-17,1954,"british-grand-prix","Silverstone Circuit",16,"Harry Schell",112,150.549154575893,12,16,4.68375147569444,0,0,0,0,"Solo","Maserati",4,52,2,24
"363","Gordini ",1955-06-19,1955,"dutch-grand-prix","Circuit Zandvoort",14,"Nano da Silva Ramos",110.2,136.975931607603,8,1,4.1929854619883,0,0,0,0,"Equipe Gordini","Gordini ",6,106,8,24
"364","Ferrari",1953-09-13,1953,"italian-grand-prix","Autodromo Nazionale Monza",3,"Nino Farina",123.9,183.050345347631,2,28,6.29998271904762,1,6,14,8,"Ferrari","Ferrari",5,24,6,25
"365","Ferrari",1953-09-13,1953,"italian-grand-prix","Autodromo Nazionale Monza",5,"Luigi Villoresi",124.6,182.021972620959,3,20,6.29998271904762,1,4,16,12,"Ferrari","Ferrari",5,13,6,25
"366","Ferrari",1953-09-13,1953,"italian-grand-prix","Autodromo Nazionale Monza",11,"Umberto Maglioli",126.9,178.722914015535,8,1,6.29998271904762,0,0,0,0,"Ferrari","Ferrari",5,87,6,25
"367","Ferrari",1953-09-13,1953,"italian-grand-prix","Autodromo Nazionale Monza",17,"Louis Rosier",129.3,175.405551342393,16,24,6.29998271904762,0,0,0,0,"Ecurie Rosier","Ferrari",7,5,6,25
"368","Maserati",1954-08-01,1954,"german-grand-prix","Nurburgring",8,"Onofre Marimon",611.4,134.30764706055,99,12,22.8099153924501,0,0,0,0,"Officine Alfieri Maserati","Maserati",3,31,2,25
"369","Maserati",1954-08-01,1954,"german-grand-prix","Nurburgring",14,"Harry Schell",628.7,130.611890270114,7,17,22.8099153924501,0,0,0,0,"Solo","Maserati",4,52,2,25
"370","Maserati",1954-08-01,1954,"german-grand-prix","Nurburgring",17,"Roberto Mieres",647,126.917612693695,99,8,22.8099153924501,0,0,3,3,"Solo","Maserati",4,95,2,25
"371","Gordini ",1955-07-16,1955,"british-grand-prix","Aintree Motor Racing Circuit",18,"Nano da Silva Ramos",130.6,133.084226646248,99,2,4.828,0,0,0,0,"Equipe Gordini","Gordini ",6,106,8,25
"372","Ferrari",1954-01-17,1954,"argentine-grand-prix","Autódromo Juan y Oscar Gálvez",1,"Nino Farina",104.8,134.395,2,29,3.91238753062678,1,6,6,0,"Ferrari","Ferrari",5,24,6,26
"373","Ferrari",1954-01-17,1954,"argentine-grand-prix","Autódromo Juan y Oscar Gálvez",4,"Mike Hawthorn",107,131.632,99,14,3.91238753062678,0,0,0,0,"Ferrari","Ferrari",5,58,6,26
"374","Ferrari",1954-01-17,1954,"argentine-grand-prix","Autódromo Juan y Oscar Gálvez",5,"Maurice Trintignant",107.7,130.776,4,20,3.91238753062678,1,3,5,2,"Ecurie Rosier","Ferrari",7,27,6,26
"375","Maserati",1954-08-22,1954,"swiss-grand-prix","Circuit Bremgarten",12,"Roberto Mieres",189.3,138.446484875024,4,9,7.2799776630117,1,3,6,3,"Officine Alfieri Maserati","Maserati",3,95,2,26
"376","Maserati",1954-08-22,1954,"swiss-grand-prix","Circuit Bremgarten",13,"Harry Schell",192.1,136.42852465821,99,18,7.2799776630117,0,0,0,0,"Officine Alfieri Maserati","Maserati",3,52,2,26
"377","Gordini ",1955-09-11,1955,"italian-grand-prix","Autodromo Nazionale Monza",18,"Nano da Silva Ramos",179.8,126.139809725091,99,3,6.29998271904762,0,0,0,0,"Equipe Gordini","Gordini ",6,106,8,26
"378","Gordini ",1955-09-11,1955,"italian-grand-prix","Autodromo Nazionale Monza",19,"Jacques Pollet",179.9,126.069693099341,99,5,6.29998271904762,0,0,0,0,"Equipe Gordini","Gordini ",6,99,8,26
"379","Ferrari",1954-06-20,1954,"belgian-grand-prix","Circuit de Spa-Francorchamps",2,"Jose Froilan Gonzalez",263.6,192.837090845252,4,16,14.1199603185579,1,3,3,0,"Ferrari","Ferrari",5,11,6,27
"380","Ferrari",1954-06-20,1954,"belgian-grand-prix","Circuit de Spa-Francorchamps",5,"Mike Hawthorn",269.4,188.68543855534,4,15,14.1199603185579,1,3,11,8,"Ferrari","Ferrari",5,58,6,27
"381","Ferrari",1954-06-20,1954,"belgian-grand-prix","Circuit de Spa-Francorchamps",14,"Jacques Swaters",294.2,172.779935917092,99,5,14.1199603185579,0,0,0,0,"Other","Ferrari",2,72,6,27
"382","Maserati",1954-09-05,1954,"italian-grand-prix","Autodromo Nazionale Monza",3,"Stirling Moss",119.3,190.108,10,15,6.29998271904762,0,0,4,4,"Officine Alfieri Maserati","Maserati",3,40,2,27
"383","Maserati",1954-09-05,1954,"italian-grand-prix","Autodromo Nazionale Monza",10,"Roberto Mieres",121.7,186.359,99,10,6.29998271904762,0,0,6,6,"Officine Alfieri Maserati","Maserati",3,95,2,27
"384","Maserati",1954-09-05,1954,"italian-grand-prix","Autodromo Nazionale Monza",14,"Luigi Musso",123.5,183.643,99,2,6.29998271904762,0,0,6,6,"Officine Alfieri Maserati","Maserati",3,96,2,27
"385","Maserati",1954-09-05,1954,"italian-grand-prix","Autodromo Nazionale Monza",19,"Jorge Daponte",129.5,175.135,11,2,6.29998271904762,0,0,0,0,"Solo","Maserati",4,98,2,27
"386","Ferrari",1954-07-04,1954,"french-grand-prix","Reims-Gueux",4,"Jose Froilan Gonzalez",150.6,195.714241921204,99,17,8.18737912037037,0,0,0,0,"Ferrari","Ferrari",5,11,6,28
"387","Ferrari",1954-07-04,1954,"french-grand-prix","Reims-Gueux",8,"Mike Hawthorn",155.6,189.42522386461,99,16,8.18737912037037,0,0,0,0,"Ferrari","Ferrari",5,58,6,28
"388","Ferrari",1954-07-04,1954,"french-grand-prix","Reims-Gueux",13,"Louis Rosier",162.1,181.829517787374,99,26,8.18737912037037,0,0,0,0,"Ecurie Rosier","Ferrari",7,5,6,28
"389","Maserati",1954-10-24,1954,"spanish-grand-prix","Pedralbes Circuit",4,"Harry Schell",140.6,162.153627311522,99,19,6.333,0,0,0,0,"Solo","Maserati",4,52,2,28
"390","Maserati",1954-10-24,1954,"spanish-grand-prix","Pedralbes Circuit",7,"Luigi Musso",141.5,161.122261484099,2,3,6.333,1,6,6,0,"Officine Alfieri Maserati","Maserati",3,96,2,28
"391","Maserati",1954-10-24,1954,"spanish-grand-prix","Pedralbes Circuit",11,"Roberto Mieres",142.3,160.216444132115,4,11,6.333,1,3,3,0,"Officine Alfieri Maserati","Maserati",3,95,2,28
"392","Maserati",1954-10-24,1954,"spanish-grand-prix","Pedralbes Circuit",14,"Ken Wharton",145.7,156.477693891558,8,14,6.333,0,0,0,0,"Solo","Maserati",4,85,2,28
"393","Maserati",1954-10-24,1954,"spanish-grand-prix","Pedralbes Circuit",15,"Prince Bira",146.1,156.049281314168,9,19,6.333,0,0,3,3,"Solo","Maserati",4,3,2,28
"394","Maserati",1954-10-24,1954,"spanish-grand-prix","Pedralbes Circuit",21,"Emmanuel de Graffenried",149.8,152.194926568758,99,21,6.333,0,0,0,0,"Solo","Maserati",4,16,2,28
"395","Ferrari",1954-07-17,1954,"british-grand-prix","Silverstone Circuit",8,"Maurice Trintignant",108,156.125049189815,5,23,4.68375147569444,1,2,2,0,"Ferrari","Ferrari",5,27,6,29
"396","Ferrari",1954-07-17,1954,"british-grand-prix","Silverstone Circuit",14,"Reg Parnell",112,150.549154575893,99,7,4.68375147569444,0,0,0,0,"Other","Ferrari",2,30,6,29
"397","Maserati",1955-01-16,1955,"argentine-grand-prix","Autódromo Juan y Oscar Gálvez",4,"Jean Behra",103.8,135.69,6,21,3.91238753062678,0,0,0,0,"Officine Alfieri Maserati","Maserati",3,47,2,29
"398","Maserati",1955-01-16,1955,"argentine-grand-prix","Autódromo Juan y Oscar Gálvez",7,"Harry Schell",104.3,135.039,6,20,3.91238753062678,0,0,0,0,"Officine Alfieri Maserati","Maserati",3,52,2,29
"399","Maserati",1955-01-16,1955,"argentine-grand-prix","Autódromo Juan y Oscar Gálvez",16,"Roberto Mieres",106.3,132.498,5,12,3.91238753062678,1,2,2,0,"Officine Alfieri Maserati","Maserati",3,95,2,29
"400","Maserati",1955-01-16,1955,"argentine-grand-prix","Autódromo Juan y Oscar Gálvez",18,"Luigi Musso",106.5,132.25,7,4,3.91238753062678,0,0,0,0,"Officine Alfieri Maserati","Maserati",3,96,2,29
"401","Maserati",1955-01-16,1955,"argentine-grand-prix","Autódromo Juan y Oscar Gálvez",20,"Clemar Bucci",108.8,129.454,99,5,3.91238753062678,0,0,0,0,"Officine Alfieri Maserati","Maserati",3,104,2,29
"402","Ferrari",1954-08-01,1954,"german-grand-prix","Nurburgring",5,"Jose Froilan Gonzalez",601.8,136.450141928914,2,19,22.8099153924501,1,6,9,3,"Ferrari","Ferrari",5,11,6,30
"403","Ferrari",1954-08-01,1954,"german-grand-prix","Nurburgring",7,"Maurice Trintignant",607.5,135.169868992297,3,24,22.8099153924501,1,4,9,5,"Ferrari","Ferrari",5,27,6,30
"404","Ferrari",1954-08-01,1954,"german-grand-prix","Nurburgring",12,"Robert Manzon",616.1,133.283063484533,9,18,22.8099153924501,0,0,0,0,"Ecurie Rosier","Ferrari",7,15,6,30
"405","Ferrari",1954-08-01,1954,"german-grand-prix","Nurburgring",13,"Piero Taruffi",623,131.806894723628,6,13,22.8099153924501,0,0,0,0,"Ferrari","Ferrari",5,44,6,30
"406","Maserati",1955-05-22,1955,"monaco-grand-prix","Circuit de Monaco",5,"Jean Behra",102.6,110.35,3,22,3.16156530190058,1,4,4,0,"Officine Alfieri Maserati","Maserati",3,47,2,30
"407","Maserati",1955-05-22,1955,"monaco-grand-prix","Circuit de Monaco",8,"Luigi Musso",104.3,108.552,99,5,3.16156530190058,0,0,0,0,"Officine Alfieri Maserati","Maserati",3,96,2,30
"408","Maserati",1955-05-22,1955,"monaco-grand-prix","Circuit de Monaco",11,"Cesare Perdisa",105.6,107.215,3,1,3.16156530190058,1,4,4,0,"Officine Alfieri Maserati","Maserati",3,105,2,30
"409","Ferrari",1954-08-22,1954,"swiss-grand-prix","Circuit Bremgarten",1,"Jose Froilan Gonzalez",159.5,164.312975466095,2,20,7.2799776630117,1,6,15,9,"Ferrari","Ferrari",5,11,6,31
"410","Ferrari",1954-08-22,1954,"swiss-grand-prix","Circuit Bremgarten",4,"Maurice Trintignant",161.7,162.077424779481,99,25,7.2799776630117,0,0,9,9,"Ferrari","Ferrari",5,27,6,31
"411","Ferrari",1954-08-22,1954,"swiss-grand-prix","Circuit Bremgarten",11,"Umberto Maglioli",188.2,139.255683245707,7,3,7.2799776630117,0,0,0,0,"Ferrari","Ferrari",5,87,6,31
"412","Ferrari",1954-08-22,1954,"swiss-grand-prix","Circuit Bremgarten",16,"Jacques Swaters",200.4,130.77804185051,8,6,7.2799776630117,0,0,0,0,"Other","Ferrari",2,72,6,31
"413","Maserati",1955-06-05,1955,"belgian-grand-prix","Circuit de Spa-Francorchamps",5,"Jean Behra",263.6,192.837,5,23,14.1199603185579,1,2,6,4,"Officine Alfieri Maserati","Maserati",3,47,2,31
"414","Maserati",1955-06-05,1955,"belgian-grand-prix","Circuit de Spa-Francorchamps",11,"Cesare Perdisa",290.9,174.74,8,2,14.1199603185579,0,0,4,4,"Officine Alfieri Maserati","Maserati",3,105,2,31
"415","Maserati",1955-06-05,1955,"belgian-grand-prix","Circuit de Spa-Francorchamps",13,"Roberto Mieres",309,164.504,5,14,14.1199603185579,1,2,4,2,"Officine Alfieri Maserati","Maserati",3,95,2,31
"416","Ferrari",1954-09-05,1954,"italian-grand-prix","Autodromo Nazionale Monza",5,"Jose Froilan Gonzalez",120,189,3,21,6.29998271904762,1,4,19,15,"Ferrari","Ferrari",5,11,6,32
"417","Ferrari",1954-09-05,1954,"italian-grand-prix","Autodromo Nazionale Monza",7,"Mike Hawthorn",120.2,188.685,2,20,6.29998271904762,1,6,17,11,"Ferrari","Ferrari",5,58,6,32
"418","Ferrari",1954-09-05,1954,"italian-grand-prix","Autodromo Nazionale Monza",13,"Umberto Maglioli",123.5,183.643,3,4,6.29998271904762,1,4,4,0,"Ferrari","Ferrari",5,87,6,32
"419","Maserati",1955-06-19,1955,"dutch-grand-prix","Circuit Zandvoort",4,"Luigi Musso",101.2,149.157585604327,3,7,4.1929854619883,1,4,4,0,"Officine Alfieri Maserati","Maserati",3,96,2,32
"420","Maserati",1955-06-19,1955,"dutch-grand-prix","Circuit Zandvoort",6,"Jean Behra",101.5,148.716725745398,6,24,4.1929854619883,0,0,4,4,"Officine Alfieri Maserati","Maserati",3,47,2,32
"421","Maserati",1955-06-19,1955,"dutch-grand-prix","Circuit Zandvoort",10,"Peter Walker",104.9,143.896545883297,99,3,4.1929854619883,0,0,0,0,"Solo","Maserati",4,111,2,32
"422","Ferrari",1954-10-24,1954,"spanish-grand-prix","Pedralbes Circuit",3,"Mike Hawthorn",140.6,162.153627311522,1,21,6.333,1,8,8,0,"Ferrari","Ferrari",5,58,6,33
"423","Maserati",1955-07-16,1955,"british-grand-prix","Aintree Motor Racing Circuit",3,"Jean Behra",121.4,143.169686985173,99,25,4.828,0,0,4,4,"Officine Alfieri Maserati","Maserati",3,47,2,33
"424","Maserati",1955-07-16,1955,"british-grand-prix","Aintree Motor Racing Circuit",6,"Roberto Mieres",123.2,141.077922077922,99,16,4.828,0,0,2,2,"Officine Alfieri Maserati","Maserati",3,95,2,33
"425","Maserati",1955-07-16,1955,"british-grand-prix","Aintree Motor Racing Circuit",20,"Roy Salvadori",131.6,132.072948328267,99,9,4.828,0,0,0,0,"Solo","Maserati",4,88,2,33
"426","Maserati",1955-07-16,1955,"british-grand-prix","Aintree Motor Racing Circuit",22,"Horace Gould",131.8,131.87253414264,99,3,4.828,0,0,0,0,"Solo","Maserati",4,108,2,33
"427","Ferrari",1955-01-16,1955,"argentine-grand-prix","Autódromo Juan y Oscar Gálvez",5,"Nino Farina",103.8,135.69,2,31,3.91238753062678,1,6,6,0,"Ferrari","Ferrari",5,24,6,34
"428","Ferrari",1955-01-16,1955,"argentine-grand-prix","Autódromo Juan y Oscar Gálvez",14,"Maurice Trintignant",105.8,133.125,2,28,3.91238753062678,1,6,6,0,"Ferrari","Ferrari",5,27,6,34
"429","Maserati",1955-09-11,1955,"italian-grand-prix","Autodromo Nazionale Monza",10,"Luigi Musso",172.1,131.783485116627,99,9,6.29998271904762,0,0,0,0,"Officine Alfieri Maserati","Maserati",3,96,2,34
"430","Maserati",1955-09-11,1955,"italian-grand-prix","Autodromo Nazionale Monza",16,"Carlos Menditeguy",178.4,127.129696124279,5,3,6.29998271904762,1,2,2,0,"Officine Alfieri Maserati","Maserati",3,110,2,34
"431","Maserati",1955-09-11,1955,"italian-grand-prix","Autodromo Nazionale Monza",21,"Horace Gould",185.2,122.461867108917,99,4,6.29998271904762,0,0,0,0,"Officine Alfieri Maserati","Maserati",3,108,2,34
"432","Ferrari",1955-05-22,1955,"monaco-grand-prix","Circuit de Monaco",9,"Maurice Trintignant",104.4,108.448,1,29,3.16156530190058,1,8,14,6,"Ferrari","Ferrari",5,27,6,35
"433","Ferrari",1955-05-22,1955,"monaco-grand-prix","Circuit de Monaco",18,"Harry Schell",106.8,106.011,99,21,3.16156530190058,0,0,0,0,"Ferrari","Ferrari",5,52,6,35
"434","Ferrari",1955-06-05,1955,"belgian-grand-prix","Circuit de Spa-Francorchamps",4,"Nino Farina",260.9,194.833,3,33,14.1199603185579,1,4,10,6,"Ferrari","Ferrari",5,24,6,36
"435","Ferrari",1955-06-19,1955,"dutch-grand-prix","Circuit Zandvoort",5,"Mike Hawthorn",101.5,148.716725745398,7,24,4.1929854619883,0,0,0,0,"Ferrari","Ferrari",5,58,6,37
"436","Ferrari",1955-06-19,1955,"dutch-grand-prix","Circuit Zandvoort",9,"Eugenio Castellotti",102.7,146.979042484498,5,4,4.1929854619883,1,2,2,0,"Ferrari","Ferrari",5,102,6,37
"437","Ferrari",1955-06-19,1955,"dutch-grand-prix","Circuit Zandvoort",16,"Johnny Claes",113.3,133.228134714545,11,23,4.1929854619883,0,0,0,0,"Solo","Ferrari",4,18,6,37
"438","Ferrari",1955-07-16,1955,"british-grand-prix","Aintree Motor Racing Circuit",10,"Eugenio Castellotti",125,139.0464,6,5,4.828,0,0,0,0,"Ferrari","Ferrari",5,102,6,38
"439","Ferrari",1955-09-11,1955,"italian-grand-prix","Autodromo Nazionale Monza",14,"Mike Hawthorn",176.2,128.717013556024,99,26,6.29998271904762,0,0,0,0,"Ferrari","Ferrari",5,58,6,39
